// Generated from tflite_learn_1074342_3.tflite.
// Run tools/convert_tflite_to_cc.py to update this file.

alignas(16) extern const unsigned char g_fall_model_data[] = {
  0x1c, 0x00, 0x00, 0x00, 0x54, 0x46, 0x4c, 0x33, 0x14, 0x00, 0x20, 0x00, 
  0x1c, 0x00, 0x18, 0x00, 0x14, 0x00, 0x10, 0x00, 0x0c, 0x00, 0x00, 0x00, 
  0x08, 0x00, 0x04, 0x00, 0x14, 0x00, 0x00, 0x00, 0x1c, 0x00, 0x00, 0x00, 
  0x8c, 0x00, 0x00, 0x00, 0xe4, 0x00, 0x00, 0x00, 0x60, 0x2f, 0x00, 0x00, 
  0x70, 0x2f, 0x00, 0x00, 0xb0, 0x43, 0x00, 0x00, 0x03, 0x00, 0x00, 0x00, 
  0x01, 0x00, 0x00, 0x00, 0x10, 0x00, 0x00, 0x00, 0x00, 0x00, 0x0a, 0x00, 
  0x10, 0x00, 0x0c, 0x00, 0x08, 0x00, 0x04, 0x00, 0x0a, 0x00, 0x00, 0x00, 
  0x0c, 0x00, 0x00, 0x00, 0x1c, 0x00, 0x00, 0x00, 0x3c, 0x00, 0x00, 0x00, 
  0x0f, 0x00, 0x00, 0x00, 0x73, 0x65, 0x72, 0x76, 0x69, 0x6e, 0x67, 0x5f, 
  0x64, 0x65, 0x66, 0x61, 0x75, 0x6c, 0x74, 0x00, 0x01, 0x00, 0x00, 0x00, 
  0x04, 0x00, 0x00, 0x00, 0x9c, 0xff, 0xff, 0xff, 0x26, 0x00, 0x00, 0x00, 
  0x04, 0x00, 0x00, 0x00, 0x08, 0x00, 0x00, 0x00, 0x6f, 0x75, 0x74, 0x70, 
  0x75, 0x74, 0x5f, 0x30, 0x00, 0x00, 0x00, 0x00, 0x01, 0x00, 0x00, 0x00, 
  0x04, 0x00, 0x00, 0x00, 0x5e, 0xd0, 0xff, 0xff, 0x04, 0x00, 0x00, 0x00, 
  0x01, 0x00, 0x00, 0x00, 0x78, 0x00, 0x00, 0x00, 0x02, 0x00, 0x00, 0x00, 
  0x34, 0x00, 0x00, 0x00, 0x04, 0x00, 0x00, 0x00, 0xdc, 0xff, 0xff, 0xff, 
  0x29, 0x00, 0x00, 0x00, 0x04, 0x00, 0x00, 0x00, 0x13, 0x00, 0x00, 0x00, 
  0x43, 0x4f, 0x4e, 0x56, 0x45, 0x52, 0x53, 0x49, 0x4f, 0x4e, 0x5f, 0x4d, 
  0x45, 0x54, 0x41, 0x44, 0x41, 0x54, 0x41, 0x00, 0x08, 0x00, 0x0c, 0x00, 
  0x08, 0x00, 0x04, 0x00, 0x08, 0x00, 0x00, 0x00, 0x28, 0x00, 0x00, 0x00, 
  0x04, 0x00, 0x00, 0x00, 0x13, 0x00, 0x00, 0x00, 0x6d, 0x69, 0x6e, 0x5f, 
  0x72, 0x75, 0x6e, 0x74, 0x69, 0x6d, 0x65, 0x5f, 0x76, 0x65, 0x72, 0x73, 
  0x69, 0x6f, 0x6e, 0x00, 0x2a, 0x00, 0x00, 0x00, 0x78, 0x2e, 0x00, 0x00, 
  0x70, 0x2e, 0x00, 0x00, 0xe0, 0x2d, 0x00, 0x00, 0x90, 0x2d, 0x00, 0x00, 
  0x60, 0x2d, 0x00, 0x00, 0x50, 0x15, 0x00, 0x00, 0x40, 0x0f, 0x00, 0x00, 
  0x70, 0x0b, 0x00, 0x00, 0x54, 0x0b, 0x00, 0x00, 0x34, 0x0b, 0x00, 0x00, 
  0x14, 0x0b, 0x00, 0x00, 0xf4, 0x0a, 0x00, 0x00, 0xd4, 0x0a, 0x00, 0x00, 
  0xb4, 0x0a, 0x00, 0x00, 0x24, 0x0a, 0x00, 0x00, 0x14, 0x02, 0x00, 0x00, 
  0xec, 0x01, 0x00, 0x00, 0xc4, 0x01, 0x00, 0x00, 0xac, 0x01, 0x00, 0x00, 
  0x5c, 0x01, 0x00, 0x00, 0x48, 0x01, 0x00, 0x00, 0x2c, 0x01, 0x00, 0x00, 
  0x24, 0x01, 0x00, 0x00, 0x1c, 0x01, 0x00, 0x00, 0x14, 0x01, 0x00, 0x00, 
  0x0c, 0x01, 0x00, 0x00, 0x04, 0x01, 0x00, 0x00, 0xfc, 0x00, 0x00, 0x00, 
  0xf4, 0x00, 0x00, 0x00, 0xec, 0x00, 0x00, 0x00, 0xe4, 0x00, 0x00, 0x00, 
  0xdc, 0x00, 0x00, 0x00, 0xd4, 0x00, 0x00, 0x00, 0xcc, 0x00, 0x00, 0x00, 
  0xc4, 0x00, 0x00, 0x00, 0xbc, 0x00, 0x00, 0x00, 0xb4, 0x00, 0x00, 0x00, 
  0xac, 0x00, 0x00, 0x00, 0xa4, 0x00, 0x00, 0x00, 0x9c, 0x00, 0x00, 0x00, 
  0x7c, 0x00, 0x00, 0x00, 0x04, 0x00, 0x00, 0x00, 0x76, 0xd1, 0xff, 0xff, 
  0x04, 0x00, 0x00, 0x00, 0x68, 0x00, 0x00, 0x00, 0x10, 0x00, 0x00, 0x00, 
  0x00, 0x00, 0x00, 0x00, 0x08, 0x00, 0x0e, 0x00, 0x08, 0x00, 0x04, 0x00, 
  0x08, 0x00, 0x00, 0x00, 0x14, 0x00, 0x00, 0x00, 0x2c, 0x00, 0x00, 0x00, 
  0x00, 0x00, 0x0a, 0x00, 0x0c, 0x00, 0x08, 0x00, 0x00, 0x00, 0x07, 0x00, 
  0x0a, 0x00, 0x00, 0x00, 0x00, 0x00, 0x00, 0x01, 0x04, 0x00, 0x00, 0x00, 
  0x00, 0x00, 0x00, 0x00, 0x0c, 0x00, 0x18, 0x00, 0x14, 0x00, 0x10, 0x00, 
  0x0c, 0x00, 0x04, 0x00, 0x0c, 0x00, 0x00, 0x00, 0x0f, 0x24, 0xf8, 0x23, 
  0x6b, 0xfd, 0x25, 0x39, 0x03, 0x00, 0x00, 0x00, 0x02, 0x00, 0x00, 0x00, 
  0x04, 0x00, 0x00, 0x00, 0x06, 0x00, 0x00, 0x00, 0x32, 0x2e, 0x31, 0x39, 
  0x2e, 0x31, 0x00, 0x00, 0xea, 0xd1, 0xff, 0xff, 0x04, 0x00, 0x00, 0x00, 
  0x10, 0x00, 0x00, 0x00, 0x31, 0x2e, 0x36, 0x2e, 0x30, 0x00, 0x00, 0x00, 
  0x00, 0x00, 0x00, 0x00, 0x00, 0x00, 0x00, 0x00, 0x90, 0xbe, 0xff, 0xff, 
  0x94, 0xbe, 0xff, 0xff, 0x98, 0xbe, 0xff, 0xff, 0x9c, 0xbe, 0xff, 0xff, 
  0xa0, 0xbe, 0xff, 0xff, 0xa4, 0xbe, 0xff, 0xff, 0xa8, 0xbe, 0xff, 0xff, 
  0xac, 0xbe, 0xff, 0xff, 0xb0, 0xbe, 0xff, 0xff, 0xb4, 0xbe, 0xff, 0xff, 
  0xb8, 0xbe, 0xff, 0xff, 0xbc, 0xbe, 0xff, 0xff, 0xc0, 0xbe, 0xff, 0xff, 
  0xc4, 0xbe, 0xff, 0xff, 0xc8, 0xbe, 0xff, 0xff, 0xcc, 0xbe, 0xff, 0xff, 
  0xd0, 0xbe, 0xff, 0xff, 0xd4, 0xbe, 0xff, 0xff, 0x4e, 0xd2, 0xff, 0xff, 
  0x04, 0x00, 0x00, 0x00, 0x0c, 0x00, 0x00, 0x00, 0x01, 0x00, 0x00, 0x00, 
  0xfa, 0x00, 0x00, 0x00, 0x06, 0x00, 0x00, 0x00, 0x66, 0xd2, 0xff, 0xff, 
  0x04, 0x00, 0x00, 0x00, 0x04, 0x00, 0x00, 0x00, 0x01, 0x00, 0x00, 0x00, 
  0x76, 0xd2, 0xff, 0xff, 0x04, 0x00, 0x00, 0x00, 0x40, 0x00, 0x00, 0x00, 
  0x67, 0x84, 0x39, 0xbd, 0x7e, 0x45, 0xa4, 0x3d, 0x84, 0xca, 0x13, 0x3b, 
  0x5f, 0xa0, 0x66, 0x3c, 0xb2, 0x41, 0x8f, 0x3d, 0x3b, 0xb8, 0x97, 0x3d, 
  0x39, 0x0f, 0x5a, 0x3d, 0xb4, 0xe1, 0xac, 0x3c, 0x65, 0x50, 0xc7, 0xbc, 
  0xf9, 0x0d, 0x74, 0x3c, 0x79, 0x4a, 0x42, 0x3c, 0xa7, 0x5b, 0x45, 0xbc, 
  0xe7, 0x1a, 0xde, 0x3c, 0x8d, 0x92, 0x8c, 0x3d, 0x6c, 0x73, 0xb6, 0xbc, 
  0x00, 0x00, 0x00, 0x00, 0xc2, 0xd2, 0xff, 0xff, 0x04, 0x00, 0x00, 0x00, 
  0x08, 0x00, 0x00, 0x00, 0x76, 0xfd, 0x0a, 0x3b, 0x73, 0xfd, 0x0a, 0xbb, 
  0xd6, 0xd2, 0xff, 0xff, 0x04, 0x00, 0x00, 0x00, 0x18, 0x00, 0x00, 0x00, 
  0x02, 0x2c, 0xfd, 0x3e, 0x59, 0xd2, 0xee, 0x3c, 0xb4, 0x09, 0x30, 0xbf, 
  0x03, 0x37, 0xc0, 0xbf, 0xbc, 0x0f, 0xcb, 0x40, 0xa1, 0x86, 0x7e, 0x3f, 
  0xfa, 0xd2, 0xff, 0xff, 0x04, 0x00, 0x00, 0x00, 0x18, 0x00, 0x00, 0x00, 
  0xf6, 0xc4, 0x0c, 0x40, 0xdc, 0xf7, 0x36, 0x40, 0x77, 0xb5, 0x0f, 0x40, 
  0xe9, 0x1a, 0xdf, 0x3c, 0xa8, 0xdf, 0x37, 0x3d, 0x19, 0x57, 0x75, 0x3d, 
  0x1e, 0xd3, 0xff, 0xff, 0x04, 0x00, 0x00, 0x00, 0x00, 0x08, 0x00, 0x00, 
  0xde, 0xa5, 0x22, 0xbe, 0x8e, 0x5b, 0x82, 0x3e, 0xf3, 0x87, 0x11, 0xbe, 
  0xff, 0x3c, 0x6b, 0xbe, 0x13, 0x29, 0x7b, 0xbe, 0xa0, 0xea, 0x95, 0xbe, 
  0x46, 0x27, 0xbe, 0x3d, 0xee, 0xcf, 0x7b, 0x3e, 0xd3, 0x50, 0x32, 0x3e, 
  0xde, 0xd8, 0x03, 0xbe, 0xae, 0x9a, 0x26, 0xbe, 0x4b, 0xa6, 0x6a, 0xbe, 
  0x8f, 0x60, 0x94, 0x3e, 0x56, 0x98, 0x86, 0x3e, 0xcc, 0xe4, 0xa2, 0xbe, 
  0x53, 0x1e, 0x05, 0xbe, 0x98, 0xd7, 0xbb, 0x3d, 0xec, 0x94, 0xb9, 0xbd, 
  0x94, 0xd7, 0x64, 0x3e, 0x8d, 0x6e, 0x3e, 0xbe, 0xc6, 0x2f, 0xc8, 0x3d, 
  0xe7, 0xb6, 0x8b, 0xbe, 0x34, 0x50, 0x72, 0xbe, 0xeb, 0xe1, 0xfb, 0xbd, 
  0xfb, 0xf2, 0x08, 0x3e, 0x93, 0x9a, 0x30, 0xbe, 0x13, 0x4c, 0x35, 0xbd, 
  0xe8, 0x43, 0x4d, 0xbe, 0x83, 0xe5, 0x06, 0xbe, 0x84, 0xd4, 0xb1, 0xbe, 
  0xda, 0xfc, 0x85, 0x3e, 0xf6, 0x0c, 0x5d, 0xbd, 0x4d, 0x21, 0x7c, 0xbe, 
  0x14, 0x0c, 0x28, 0xbe, 0x32, 0x1b, 0x77, 0x3d, 0x75, 0x42, 0xa6, 0x3e, 
  0xf5, 0x3c, 0xb5, 0xbe, 0xba, 0x42, 0xb8, 0x3d, 0x54, 0x24, 0xc6, 0xbe, 
  0xc4, 0x8e, 0xda, 0x3e, 0xb5, 0xb6, 0xf9, 0x3c, 0xfb, 0x9f, 0x05, 0x3e, 
  0x9a, 0x66, 0xdd, 0xbe, 0xd6, 0xa1, 0xa7, 0x3d, 0x81, 0x72, 0xcd, 0x3c, 
  0x02, 0x4c, 0x91, 0x3a, 0xd6, 0x5f, 0xe3, 0x3e, 0x3b, 0xe0, 0x06, 0xbd, 
  0x53, 0xbf, 0xbd, 0x3e, 0x06, 0x1b, 0x92, 0x3e, 0x5d, 0xaa, 0xdd, 0x3e, 
  0xc9, 0x0a, 0x5d, 0x3e, 0x8c, 0x7c, 0x81, 0xbe, 0x2a, 0xf8, 0xf2, 0x3c, 
  0x2e, 0xeb, 0x4f, 0xbe, 0x41, 0xac, 0xf1, 0xbd, 0x0e, 0xe6, 0xb3, 0xbe, 
  0x27, 0xc7, 0xff, 0x3c, 0xc0, 0xfb, 0x14, 0x3e, 0xe3, 0x82, 0x17, 0xbe, 
  0xe6, 0x23, 0xe4, 0xbd, 0x14, 0x90, 0xae, 0xbd, 0xa0, 0xf6, 0x36, 0x3d, 
  0xd9, 0x30, 0xb7, 0xbe, 0x8d, 0xae, 0xc2, 0xbd, 0x5c, 0x82, 0x4e, 0xbe, 
  0x34, 0xd2, 0xdd, 0x3a, 0xec, 0x1c, 0x11, 0x3e, 0xdd, 0xcf, 0xb1, 0x3e, 
  0x04, 0x2f, 0x45, 0xbe, 0x84, 0x46, 0xd0, 0x3e, 0x3b, 0x7a, 0x26, 0xbe, 
  0x95, 0x3f, 0xaf, 0x3d, 0x21, 0x58, 0x87, 0x3e, 0x3e, 0x7b, 0x2c, 0x3e, 
  0xa4, 0x05, 0xa7, 0x3d, 0x11, 0xb6, 0x34, 0xbe, 0xfc, 0x6d, 0x81, 0x3c, 
  0x21, 0x98, 0x74, 0xbc, 0x29, 0xc4, 0x04, 0x3d, 0x1c, 0x1a, 0x00, 0xbe, 
  0x0c, 0x5a, 0x96, 0xbe, 0x34, 0xe9, 0x95, 0x3e, 0x8c, 0xf5, 0xa6, 0x3e, 
  0x2b, 0x82, 0x8f, 0xbd, 0xa8, 0x5b, 0x92, 0x3e, 0xd0, 0xa4, 0x88, 0xbe, 
  0xd8, 0x0c, 0x23, 0xbc, 0x77, 0x4f, 0x2a, 0x3c, 0x8f, 0xb8, 0x44, 0x3e, 
  0x82, 0xdd, 0x5a, 0xbe, 0x4a, 0xe1, 0x5d, 0xbe, 0x20, 0xb6, 0x2f, 0x3e, 
  0xc8, 0x09, 0x01, 0x3f, 0x89, 0xc3, 0x9d, 0x3e, 0x08, 0x62, 0x52, 0x3e, 
  0xdf, 0xb9, 0xd7, 0xbe, 0xbc, 0xf0, 0x93, 0xbe, 0xdc, 0x44, 0x25, 0x3d, 
  0xe3, 0x20, 0x3b, 0x3e, 0xb1, 0x47, 0x59, 0xbd, 0x58, 0xfb, 0xa6, 0x3e, 
  0x32, 0xec, 0xc6, 0xbe, 0x12, 0x40, 0x89, 0xbe, 0xb1, 0x72, 0xbd, 0x3d, 
  0xfa, 0x55, 0x95, 0x3e, 0x6b, 0xa7, 0xaa, 0x3d, 0x91, 0x98, 0xbf, 0x3b, 
  0xed, 0x36, 0xb9, 0xbe, 0xba, 0x94, 0x34, 0x3e, 0x58, 0x05, 0x04, 0x3e, 
  0x92, 0xfc, 0x86, 0x3e, 0x1f, 0xe7, 0xe9, 0xbc, 0x0b, 0xa3, 0x1c, 0x3e, 
  0x5a, 0x74, 0x5e, 0x3e, 0x5d, 0xaa, 0x11, 0xbe, 0x6a, 0xbb, 0xc8, 0xbe, 
  0x2d, 0x7f, 0x9d, 0x3e, 0xd5, 0xf9, 0xb5, 0x3d, 0xff, 0x39, 0x50, 0xbe, 
  0xcc, 0x5f, 0xad, 0xbd, 0xb9, 0xd6, 0xf0, 0x3d, 0x63, 0xc0, 0x91, 0x3e, 
  0x00, 0xa4, 0xf0, 0xbd, 0x47, 0x8d, 0x05, 0x3d, 0x5a, 0xba, 0xe4, 0xbd, 
  0x6f, 0xc8, 0xea, 0x3d, 0x1d, 0x05, 0xf6, 0x3d, 0x8e, 0xf7, 0xe0, 0xbd, 
  0x0b, 0x07, 0xdf, 0x3e, 0x4b, 0x3d, 0x9f, 0x3e, 0x10, 0x72, 0x55, 0xbe, 
  0x28, 0x83, 0x96, 0x3e, 0x73, 0x75, 0x76, 0x3e, 0x0e, 0x74, 0xff, 0x3e, 
  0xae, 0x7d, 0x58, 0xbe, 0xd3, 0x9e, 0x81, 0x3e, 0x3f, 0xf7, 0x98, 0xbd, 
  0x84, 0x28, 0xa2, 0xbd, 0x8e, 0x75, 0xad, 0xbd, 0x54, 0xc9, 0x76, 0x3e, 
  0xac, 0xf9, 0xce, 0x3e, 0x43, 0xa2, 0x32, 0x3e, 0x44, 0x31, 0x61, 0x3d, 
  0x52, 0x20, 0xe6, 0xbd, 0x0c, 0x5c, 0x6d, 0xbe, 0xbe, 0x71, 0x98, 0xbe, 
  0xd8, 0x53, 0x6c, 0xbe, 0x6c, 0xb9, 0x12, 0xbe, 0x32, 0x22, 0x95, 0xbd, 
  0xcc, 0xae, 0x97, 0x3e, 0xf4, 0x86, 0x2e, 0x3e, 0x01, 0x94, 0x41, 0xbe, 
  0x68, 0x55, 0xa1, 0xbe, 0xb1, 0x41, 0x98, 0x3d, 0x11, 0xdf, 0x30, 0xbe, 
  0x06, 0x4e, 0x97, 0x3e, 0x72, 0x93, 0x97, 0x3e, 0xfc, 0xb4, 0x20, 0x3e, 
  0x22, 0xcd, 0xf1, 0x3e, 0x5f, 0x4e, 0xc9, 0xbe, 0x20, 0x6f, 0x06, 0xbe, 
  0x2b, 0x00, 0xf9, 0x3b, 0x8d, 0x1c, 0xc9, 0x3e, 0xf7, 0x11, 0xad, 0xbd, 
  0xc4, 0x08, 0x60, 0x3a, 0x1c, 0x29, 0x32, 0x3e, 0x51, 0x7f, 0x0a, 0x3e, 
  0xef, 0x86, 0x6e, 0xbb, 0x04, 0xa7, 0x96, 0xbd, 0x37, 0x89, 0x96, 0xbe, 
  0x95, 0xf1, 0xe3, 0x3d, 0x1c, 0xdc, 0x99, 0xbe, 0xcd, 0xf4, 0xb6, 0x3c, 
  0xf2, 0x65, 0xab, 0xbc, 0xf8, 0x7a, 0x61, 0x3c, 0x1f, 0x6b, 0xae, 0xbd, 
  0x6c, 0x5d, 0x63, 0x3e, 0xcf, 0x01, 0x78, 0xbe, 0x5d, 0x6c, 0x78, 0xbe, 
  0x83, 0x2f, 0xa3, 0xbe, 0x54, 0x1b, 0xac, 0x3e, 0x2e, 0xac, 0xc0, 0x3e, 
  0x63, 0x4d, 0xcd, 0xbe, 0xae, 0xcc, 0x35, 0x3d, 0x3c, 0x17, 0x73, 0x3e, 
  0xec, 0x07, 0x01, 0xbe, 0x22, 0xdf, 0xa9, 0x3e, 0x18, 0x43, 0x93, 0x3e, 
  0x49, 0x89, 0xb7, 0xbe, 0x02, 0x95, 0xae, 0x3e, 0x7c, 0x80, 0x71, 0xbe, 
  0x28, 0x8b, 0x52, 0xbe, 0x51, 0x4b, 0x36, 0xbd, 0x92, 0xe6, 0x2e, 0xbe, 
  0x85, 0x38, 0xc3, 0x3e, 0xef, 0x62, 0xb5, 0xbe, 0x06, 0x27, 0x11, 0x3e, 
  0x56, 0xd9, 0x0d, 0xbe, 0x5c, 0xad, 0xda, 0x3c, 0x6e, 0x8c, 0x96, 0xbd, 
  0x51, 0xf6, 0xa4, 0x3e, 0xf2, 0x25, 0xb3, 0x3a, 0x89, 0xa0, 0xad, 0xbe, 
  0xb8, 0x6e, 0x85, 0xbd, 0x0e, 0x6b, 0x92, 0xbd, 0x64, 0x3d, 0x85, 0x3e, 
  0xf9, 0xdb, 0x80, 0x3e, 0x69, 0xa4, 0x36, 0x3e, 0x0a, 0xfb, 0xe5, 0x3d, 
  0xf2, 0x2e, 0x83, 0xbe, 0xd7, 0xe7, 0x07, 0xbe, 0x84, 0x26, 0x97, 0xbe, 
  0x16, 0x99, 0xd6, 0x3c, 0x76, 0xef, 0xbe, 0xbd, 0x86, 0x0e, 0xcb, 0xbe, 
  0x21, 0xb6, 0x3e, 0x3e, 0x0f, 0x36, 0x4a, 0xbe, 0xc1, 0x76, 0xa1, 0x3e, 
  0xb7, 0xc8, 0x97, 0x3e, 0x8a, 0x27, 0xd3, 0x3e, 0x5e, 0xf9, 0x7b, 0xbe, 
  0xa1, 0x69, 0x3f, 0x3d, 0x68, 0x29, 0x6f, 0xbe, 0x04, 0x73, 0xad, 0xbe, 
  0xbf, 0x40, 0x2a, 0xbc, 0xdc, 0x2c, 0x79, 0x3e, 0xfa, 0x18, 0xa4, 0xbd, 
  0xd9, 0xb5, 0x42, 0x3e, 0x87, 0x0a, 0xde, 0xbd, 0xae, 0x96, 0x0a, 0xbe, 
  0xb7, 0x3d, 0x12, 0x3b, 0xcd, 0x5c, 0x05, 0x3e, 0x77, 0xf1, 0x85, 0xbe, 
  0x13, 0x08, 0x3f, 0xbc, 0x52, 0x54, 0x3b, 0xbe, 0x6e, 0xf9, 0xc5, 0x3b, 
  0xae, 0x56, 0xca, 0xbd, 0xb9, 0x8b, 0x6c, 0x3e, 0x58, 0xc7, 0x36, 0xbe, 
  0x7f, 0x8b, 0xa3, 0x3e, 0x40, 0x8c, 0x1f, 0x3e, 0x06, 0xb5, 0xa2, 0x3d, 
  0xae, 0xce, 0x4f, 0x3e, 0xf8, 0x40, 0xcd, 0xbe, 0x95, 0x3d, 0xe9, 0x3d, 
  0x7d, 0x5f, 0x1c, 0xbe, 0x43, 0x37, 0xd1, 0x3d, 0x61, 0xb6, 0x1c, 0x3e, 
  0x10, 0xfd, 0x46, 0x3d, 0xd8, 0x58, 0xa3, 0x3d, 0x9e, 0x84, 0xd0, 0x3d, 
  0x3b, 0x18, 0xa6, 0xbe, 0xdc, 0xc9, 0xe1, 0xbe, 0x3a, 0xbe, 0x92, 0x3e, 
  0x14, 0xd4, 0xfc, 0x3d, 0x83, 0x65, 0xbd, 0xbd, 0xc2, 0x53, 0xe1, 0x3d, 
  0x4b, 0x68, 0xdb, 0x3d, 0x0d, 0x46, 0x94, 0xbd, 0xdc, 0x50, 0xbb, 0xbd, 
  0xab, 0x21, 0x70, 0xbc, 0x96, 0xe4, 0x68, 0x3d, 0x3a, 0x78, 0x16, 0xbe, 
  0x41, 0x84, 0x41, 0x3e, 0xf2, 0x94, 0x61, 0xbb, 0x8b, 0xe1, 0x2d, 0xbd, 
  0x49, 0xd3, 0xe5, 0xbb, 0x64, 0xfd, 0x25, 0x3d, 0xa6, 0xa0, 0x7a, 0xbd, 
  0x2e, 0xf4, 0xff, 0xba, 0x9c, 0xff, 0x0b, 0xbb, 0x87, 0x89, 0x96, 0x3c, 
  0x18, 0xca, 0x57, 0xbc, 0x22, 0x2e, 0x49, 0xbd, 0xf1, 0x5a, 0xdf, 0xbd, 
  0xcc, 0xa7, 0xc9, 0x3c, 0x23, 0xa0, 0x8c, 0xbb, 0x01, 0xa8, 0x4a, 0xbd, 
  0x1d, 0x9f, 0x6d, 0xbd, 0x66, 0x99, 0xeb, 0xbb, 0x3c, 0x90, 0xef, 0xbb, 
  0x08, 0x00, 0xfe, 0x3c, 0xec, 0x6f, 0x83, 0x3d, 0xf0, 0x3d, 0xb1, 0xba, 
  0x20, 0x56, 0x80, 0xbe, 0x46, 0x21, 0xa3, 0xbd, 0xe9, 0xa9, 0xbb, 0x3d, 
  0xfa, 0x01, 0x97, 0xbe, 0x40, 0x78, 0xca, 0xbe, 0x29, 0x5a, 0x84, 0x3a, 
  0x23, 0xb4, 0x02, 0xbd, 0xef, 0x43, 0xb2, 0x3d, 0xfe, 0xac, 0xc3, 0x3d, 
  0xce, 0x92, 0xde, 0x3d, 0x63, 0x87, 0x69, 0x3e, 0x17, 0x78, 0x79, 0xbe, 
  0xa5, 0x51, 0x8c, 0x3e, 0xbc, 0x23, 0x9c, 0xbe, 0x06, 0x1a, 0xb1, 0xbd, 
  0xee, 0x85, 0x80, 0x3e, 0x78, 0x1f, 0x9c, 0xbe, 0x9f, 0x94, 0xe5, 0xbd, 
  0xd7, 0x98, 0x3d, 0x3e, 0x52, 0x2a, 0x5e, 0x3e, 0xcf, 0x5b, 0x8e, 0xbd, 
  0x01, 0xc4, 0xc4, 0x3e, 0x18, 0xad, 0x9b, 0xbc, 0xba, 0x8a, 0x7f, 0x3d, 
  0x9e, 0x80, 0x9b, 0x3d, 0x13, 0x57, 0x3a, 0x3d, 0x57, 0xcf, 0x7f, 0xbe, 
  0x73, 0xcd, 0x20, 0xbd, 0x3a, 0x38, 0xe9, 0x3d, 0x7d, 0x4f, 0xa8, 0x3e, 
  0x8e, 0x20, 0x46, 0x3e, 0xf8, 0xe1, 0x4b, 0xbe, 0xc9, 0x0a, 0x09, 0xbe, 
  0x07, 0x78, 0x82, 0x3e, 0x9d, 0x2f, 0x2d, 0xbd, 0x7d, 0x4d, 0xb8, 0x3e, 
  0xf9, 0x03, 0x6c, 0x3e, 0xd8, 0xb4, 0xb3, 0x3d, 0x9e, 0x91, 0xae, 0xbe, 
  0xf3, 0x39, 0xd8, 0x3d, 0xf9, 0x9c, 0x9d, 0xbe, 0x7b, 0x71, 0x0f, 0xbe, 
  0xff, 0x99, 0x82, 0x3e, 0xfe, 0x42, 0x8f, 0x3b, 0x40, 0x3f, 0x09, 0xbe, 
  0xbf, 0xd3, 0xd9, 0x3e, 0x8f, 0x94, 0xb3, 0x3e, 0x21, 0x4d, 0x95, 0x3e, 
  0x9b, 0x8d, 0xde, 0x3e, 0xb7, 0x98, 0xf9, 0xbd, 0xb3, 0x38, 0x94, 0xbe, 
  0x13, 0x70, 0x96, 0x3e, 0x1b, 0xe1, 0x88, 0x3e, 0x2a, 0xbe, 0x91, 0xbe, 
  0x70, 0xd6, 0x82, 0x3e, 0x96, 0x8d, 0xb5, 0x3e, 0x13, 0x0c, 0x01, 0xbd, 
  0xe1, 0x9c, 0x50, 0xbe, 0xc9, 0x57, 0xed, 0x3e, 0xc2, 0x40, 0x60, 0x3e, 
  0xd2, 0x9f, 0xe1, 0xbd, 0xde, 0x14, 0x22, 0x3e, 0x2f, 0x9f, 0x21, 0x3e, 
  0xa5, 0xf5, 0xc8, 0xbd, 0x39, 0x86, 0xa1, 0x3b, 0x3f, 0x5e, 0xb1, 0x3d, 
  0x64, 0x63, 0xd5, 0x3e, 0x9c, 0xd6, 0x3b, 0x3e, 0x0c, 0xbb, 0xd7, 0x3d, 
  0x25, 0x01, 0x66, 0xbd, 0xfd, 0x10, 0x43, 0xbd, 0xa6, 0x9d, 0xa3, 0xbe, 
  0x83, 0xa6, 0xf4, 0xbd, 0xfc, 0x39, 0x78, 0x3e, 0xdf, 0xe4, 0xe5, 0xbd, 
  0x16, 0x81, 0xa6, 0xbe, 0x61, 0x15, 0x06, 0xbe, 0x8b, 0xf7, 0x21, 0x3e, 
  0x18, 0x02, 0xa3, 0x3d, 0xdd, 0x3c, 0xab, 0xbd, 0xba, 0x4d, 0xe1, 0xbc, 
  0x5b, 0xb7, 0xeb, 0xbd, 0xf7, 0xc1, 0x30, 0xbe, 0x55, 0xa5, 0x1a, 0x3e, 
  0xeb, 0x5a, 0x5f, 0x3e, 0x62, 0x76, 0xe4, 0xbd, 0x91, 0xbe, 0x97, 0x3e, 
  0x76, 0xa0, 0x62, 0x3e, 0xa9, 0xc0, 0x01, 0x3e, 0x41, 0x7a, 0x99, 0xbe, 
  0x3d, 0x21, 0x2a, 0xbc, 0xb6, 0xb3, 0x9e, 0x3b, 0xf9, 0x0b, 0x52, 0xbe, 
  0x77, 0x8c, 0x9c, 0x3d, 0x50, 0x6c, 0x5c, 0xbe, 0x08, 0x5a, 0x22, 0xbe, 
  0xd0, 0x9b, 0x4e, 0xbe, 0x42, 0x04, 0xab, 0x3e, 0x28, 0x14, 0xe8, 0xbc, 
  0xcd, 0x6e, 0xa0, 0x3e, 0x19, 0xdd, 0xac, 0x3e, 0xc5, 0xa7, 0xa8, 0x3e, 
  0x49, 0xa1, 0x6e, 0xbe, 0x8c, 0x62, 0x8f, 0x3e, 0x03, 0xf1, 0x7c, 0x3e, 
  0x00, 0x77, 0xe3, 0x3e, 0x95, 0xd2, 0xd0, 0xbc, 0x9a, 0x1a, 0xca, 0x3e, 
  0xe0, 0xf3, 0x89, 0xbe, 0x69, 0x10, 0x83, 0x3e, 0x8d, 0x39, 0xa2, 0xbc, 
  0xec, 0x08, 0x3e, 0xbe, 0xf6, 0x73, 0xed, 0xbd, 0xf1, 0x98, 0x99, 0xbe, 
  0xd3, 0x1e, 0x6b, 0x3d, 0x52, 0xbd, 0x00, 0xbc, 0xb4, 0x33, 0x8a, 0x3e, 
  0xd5, 0xe1, 0x96, 0xbd, 0x2e, 0xce, 0x24, 0x3d, 0x21, 0xd1, 0x37, 0x3e, 
  0x64, 0x27, 0x92, 0xbe, 0xcb, 0xef, 0x51, 0xbd, 0xc0, 0xbd, 0xc2, 0x3e, 
  0x6b, 0x87, 0x9f, 0x3e, 0x0e, 0xf5, 0x6a, 0xbe, 0x6e, 0x3d, 0x2e, 0xbd, 
  0xe3, 0xc2, 0xa7, 0x3e, 0xc6, 0x95, 0x99, 0xbe, 0x46, 0x0e, 0x5e, 0x3e, 
  0x85, 0x1a, 0x35, 0x3d, 0xfb, 0x24, 0x2f, 0x3e, 0x5d, 0xbe, 0x09, 0xbe, 
  0x0d, 0xe8, 0x7e, 0xbe, 0x59, 0xce, 0x7c, 0x3d, 0x83, 0x74, 0x24, 0xbb, 
  0x1d, 0x89, 0x70, 0xbe, 0x3c, 0x73, 0x47, 0x3e, 0x03, 0x5b, 0xc5, 0xbe, 
  0xe6, 0x5f, 0x79, 0xbe, 0x9c, 0x1c, 0xbd, 0xbb, 0x8b, 0xc2, 0xe0, 0x3d, 
  0xce, 0x9a, 0x12, 0xbe, 0xe1, 0x12, 0xfc, 0x3c, 0xf3, 0xfc, 0x46, 0xbe, 
  0x47, 0x26, 0xa4, 0xbe, 0xe6, 0xe6, 0x23, 0xbd, 0xf7, 0x6a, 0x55, 0x3e, 
  0x94, 0xaa, 0xf7, 0x3d, 0x40, 0x9d, 0x60, 0x3e, 0x42, 0x0c, 0x3b, 0xbe, 
  0xe4, 0xba, 0x47, 0x3d, 0xba, 0x59, 0xfc, 0xbd, 0xee, 0x9b, 0xae, 0x3d, 
  0x8d, 0x74, 0xaf, 0x3e, 0xc6, 0x97, 0x44, 0xbe, 0x32, 0x1a, 0x5e, 0xbe, 
  0x12, 0xdb, 0x31, 0x3d, 0x40, 0x20, 0xac, 0x3e, 0x02, 0xcb, 0x8a, 0x3e, 
  0x6d, 0x4a, 0xb8, 0x3e, 0xe1, 0x75, 0x92, 0xbe, 0xfd, 0xac, 0xd1, 0x3e, 
  0x62, 0x6d, 0x1c, 0xbe, 0xc7, 0x01, 0x8e, 0xbd, 0x13, 0x27, 0x9b, 0xbd, 
  0xf2, 0x9e, 0x27, 0x3d, 0xc6, 0xd9, 0xd5, 0x3d, 0x45, 0xad, 0xd7, 0xb9, 
  0x6a, 0x53, 0xc1, 0xbd, 0x31, 0x12, 0xa7, 0xbc, 0x7a, 0x88, 0x05, 0xbe, 
  0xd5, 0xc0, 0xa3, 0xbc, 0x84, 0xac, 0xa4, 0xbb, 0x86, 0x33, 0x2c, 0xbd, 
  0x93, 0xac, 0xbe, 0xbd, 0xbc, 0x85, 0x3b, 0xbb, 0xef, 0xf1, 0xb4, 0xbd, 
  0x02, 0x65, 0x1d, 0xbd, 0xb3, 0x64, 0x72, 0xbc, 0xc3, 0xa3, 0xff, 0xbd, 
  0xf4, 0x80, 0xc5, 0x3d, 0x64, 0xed, 0xc1, 0xbd, 0x28, 0x93, 0xc0, 0xbb, 
  0x61, 0xe4, 0x9b, 0xbb, 0x73, 0x5b, 0xe7, 0x3d, 0x44, 0xf3, 0xe4, 0x3d, 
  0x8a, 0x3a, 0x67, 0xb9, 0xe6, 0xa2, 0x68, 0xbd, 0xed, 0xbf, 0xea, 0xbd, 
  0x72, 0xdf, 0xcd, 0x3c, 0x08, 0xd4, 0x05, 0x3e, 0x31, 0xc4, 0x2e, 0xbd, 
  0x1e, 0xf5, 0x03, 0xbc, 0x97, 0x8a, 0x70, 0xbd, 0x74, 0xdb, 0x95, 0xbd, 
  0x6f, 0x78, 0xee, 0xb6, 0xd5, 0x56, 0x11, 0xb1, 0xb6, 0x97, 0xf4, 0x33, 
  0xab, 0x9d, 0x67, 0x3c, 0xd6, 0x83, 0xa9, 0x39, 0xae, 0x19, 0xbc, 0x3c, 
  0xac, 0x9d, 0xbb, 0xbd, 0x75, 0x23, 0xb9, 0x3b, 0x99, 0x06, 0xd3, 0xbc, 
  0xcf, 0x58, 0x91, 0x30, 0xf6, 0x87, 0x87, 0x3d, 0x34, 0x1c, 0x7f, 0xbb, 
  0xf7, 0xc7, 0x1c, 0x31, 0x02, 0x70, 0x06, 0x30, 0xd1, 0x7c, 0x92, 0xbb, 
  0x8c, 0x44, 0xb6, 0xbc, 0x51, 0x2f, 0xac, 0xbd, 0x9b, 0x67, 0x05, 0x3d, 
  0xbf, 0x6d, 0x84, 0xb8, 0x8a, 0x29, 0x8c, 0x3d, 0xda, 0xec, 0xd4, 0xbd, 
  0x12, 0xde, 0xfa, 0x39, 0xd6, 0x77, 0xa0, 0xbc, 0x61, 0xef, 0x9e, 0x30, 
  0xd9, 0x38, 0xb4, 0xbb, 0x9a, 0x0b, 0xd8, 0xbd, 0xa7, 0xdc, 0xa5, 0x3d, 
  0xb2, 0x76, 0x21, 0xbc, 0x8e, 0xbc, 0x34, 0xbd, 0x37, 0x78, 0x80, 0xbd, 
  0x79, 0xd4, 0xb7, 0xbd, 0x66, 0x30, 0xe1, 0x3c, 0x2a, 0xdb, 0xff, 0xff, 
  0x04, 0x00, 0x00, 0x00, 0x80, 0x00, 0x00, 0x00, 0xaf, 0xff, 0xd0, 0xbd, 
  0xe8, 0x3d, 0x24, 0xbf, 0xb0, 0x5d, 0xfb, 0x3e, 0xc1, 0x5d, 0x0c, 0xbf, 
  0x55, 0x40, 0xf3, 0x3e, 0xac, 0x74, 0xc5, 0xbe, 0x7f, 0x60, 0x3d, 0xbf, 
  0xca, 0x83, 0xd0, 0xbe, 0xd1, 0xce, 0xde, 0xbe, 0xa6, 0xb0, 0x17, 0xbf, 
  0x6f, 0xaf, 0x2b, 0x3f, 0xe3, 0x55, 0x08, 0x3e, 0xc3, 0xff, 0x11, 0x3f, 
  0x05, 0x72, 0x9f, 0xbe, 0xe1, 0x1f, 0x60, 0xbd, 0xa0, 0x74, 0x06, 0x3d, 
  0x25, 0xf8, 0x07, 0xbf, 0xc6, 0xfa, 0x1b, 0x3d, 0x4b, 0xaa, 0x46, 0x3e, 
  0x07, 0xf5, 0x03, 0xbe, 0x26, 0x33, 0xf9, 0xbe, 0x45, 0x43, 0xd4, 0x3e, 
  0x43, 0x2b, 0x00, 0x3f, 0xdf, 0x8c, 0x51, 0x3e, 0xba, 0xef, 0xc5, 0xbd, 
  0x68, 0xf5, 0xac, 0xbe, 0xa5, 0xc6, 0x42, 0xbe, 0x74, 0xf8, 0x83, 0x3e, 
  0xf3, 0x4d, 0x2c, 0xbf, 0xac, 0x90, 0x02, 0x3f, 0x15, 0xb7, 0x85, 0xbe, 
  0xae, 0x1e, 0x12, 0x3f, 0xb6, 0xdb, 0xff, 0xff, 0x04, 0x00, 0x00, 0x00, 
  0x10, 0x00, 0x00, 0x00, 0x01, 0x00, 0x00, 0x00, 0x01, 0x00, 0x00, 0x00, 
  0xfa, 0x00, 0x00, 0x00, 0x06, 0x00, 0x00, 0x00, 0xd2, 0xdb, 0xff, 0xff, 
  0x04, 0x00, 0x00, 0x00, 0x10, 0x00, 0x00, 0x00, 0x01, 0x00, 0x00, 0x00, 
  0xfa, 0x00, 0x00, 0x00, 0x01, 0x00, 0x00, 0x00, 0x08, 0x00, 0x00, 0x00, 
  0xee, 0xdb, 0xff, 0xff, 0x04, 0x00, 0x00, 0x00, 0x10, 0x00, 0x00, 0x00, 
  0x01, 0x00, 0x00, 0x00, 0x01, 0x00, 0x00, 0x00, 0x7d, 0x00, 0x00, 0x00, 
  0x08, 0x00, 0x00, 0x00, 0x0a, 0xdc, 0xff, 0xff, 0x04, 0x00, 0x00, 0x00, 
  0x10, 0x00, 0x00, 0x00, 0x01, 0x00, 0x00, 0x00, 0x7d, 0x00, 0x00, 0x00, 
  0x01, 0x00, 0x00, 0x00, 0x10, 0x00, 0x00, 0x00, 0x26, 0xdc, 0xff, 0xff, 
  0x04, 0x00, 0x00, 0x00, 0x10, 0x00, 0x00, 0x00, 0x01, 0x00, 0x00, 0x00, 
  0x01, 0x00, 0x00, 0x00, 0x3e, 0x00, 0x00, 0x00, 0x10, 0x00, 0x00, 0x00, 
  0x42, 0xdc, 0xff, 0xff, 0x04, 0x00, 0x00, 0x00, 0x0c, 0x00, 0x00, 0x00, 
  0x01, 0x00, 0x00, 0x00, 0x3e, 0x00, 0x00, 0x00, 0x20, 0x00, 0x00, 0x00, 
  0x5a, 0xdc, 0xff, 0xff, 0x04, 0x00, 0x00, 0x00, 0xc0, 0x03, 0x00, 0x00, 
  0x5f, 0xb9, 0xaf, 0x3b, 0xdc, 0x65, 0x09, 0x3e, 0x09, 0x1e, 0x1e, 0x3d, 
  0x76, 0xa5, 0x39, 0x3d, 0xe3, 0x70, 0x47, 0xbe, 0x19, 0xc2, 0xb2, 0x3d, 
  0xf8, 0x6c, 0x84, 0x3e, 0xca, 0xf7, 0xd0, 0xbd, 0x2f, 0x01, 0x77, 0xbe, 
  0x54, 0x35, 0x2c, 0xbe, 0xf4, 0x27, 0x44, 0x3e, 0x2c, 0x69, 0x4d, 0xbe, 
  0x2d, 0xb2, 0x9f, 0x3e, 0x75, 0xc9, 0x2c, 0xbe, 0x72, 0x2a, 0xce, 0xbe, 
  0xa1, 0x75, 0xbd, 0x3d, 0x65, 0x4d, 0xa8, 0x3c, 0xbf, 0x04, 0x9c, 0x3c, 
  0x44, 0xca, 0x6f, 0xbd, 0x91, 0x97, 0x90, 0xbe, 0x6a, 0xbf, 0x0c, 0x3e, 
  0x37, 0xfe, 0xa7, 0xbc, 0x9c, 0x64, 0x2a, 0x3e, 0xf2, 0x9e, 0xd2, 0x3e, 
  0xca, 0xd0, 0x5d, 0x3e, 0x3b, 0x88, 0x8c, 0x3d, 0x21, 0x23, 0x8a, 0x3b, 
  0xfb, 0xdc, 0x6b, 0xbe, 0x48, 0xc9, 0x4c, 0xbd, 0x6e, 0xcc, 0x59, 0xbe, 
  0x7f, 0xd9, 0x8d, 0xbe, 0x04, 0x50, 0x30, 0xbe, 0xcb, 0x2b, 0x13, 0xbd, 
  0x60, 0xd2, 0x57, 0x3e, 0xef, 0xe0, 0x8a, 0xbe, 0x56, 0x7e, 0xb2, 0x3e, 
  0x82, 0x7f, 0x7a, 0xbe, 0x23, 0xdc, 0x9c, 0x3e, 0xa0, 0xf0, 0x02, 0x3d, 
  0x7e, 0x74, 0x99, 0xbc, 0xcc, 0x8b, 0x9f, 0xbd, 0x83, 0x41, 0xdf, 0xbd, 
  0x86, 0xc0, 0x57, 0x3e, 0xa3, 0xfb, 0x18, 0xbe, 0xe9, 0xb7, 0xbf, 0x3e, 
  0xec, 0x2e, 0x8c, 0x3d, 0xf3, 0xcb, 0x2f, 0xbe, 0xbe, 0x66, 0xb1, 0xbd, 
  0xb7, 0xfa, 0x9c, 0x3e, 0xe8, 0x21, 0xb0, 0x3e, 0x21, 0xc0, 0x35, 0x3e, 
  0x03, 0x5a, 0xfe, 0xbd, 0x47, 0x5d, 0x50, 0x3e, 0x7e, 0x47, 0x29, 0x3e, 
  0xed, 0x7b, 0xd2, 0x3d, 0xe8, 0x25, 0xcc, 0xbd, 0x28, 0x21, 0x77, 0xbe, 
  0x4b, 0x04, 0xaf, 0xbd, 0x8a, 0xf3, 0x8c, 0xbd, 0xa9, 0x63, 0x44, 0x3e, 
  0x54, 0x64, 0x1a, 0x3e, 0x65, 0x6b, 0x5f, 0x3e, 0xe2, 0xa9, 0x36, 0xbe, 
  0x70, 0x19, 0x16, 0xbe, 0x7c, 0xe3, 0x73, 0xbe, 0x25, 0xbe, 0xef, 0xbd, 
  0x40, 0xa4, 0x27, 0x3e, 0x5c, 0xea, 0xc8, 0x3d, 0x33, 0x4d, 0x8c, 0xbd, 
  0x2c, 0xff, 0x31, 0x3d, 0xa4, 0x59, 0x8e, 0x3d, 0x17, 0xc5, 0x14, 0xbe, 
  0xa3, 0x4e, 0x00, 0x3e, 0xb9, 0xd9, 0x31, 0xbe, 0xfc, 0x96, 0xe4, 0xbd, 
  0xf5, 0xe5, 0x41, 0x3e, 0xb6, 0xae, 0xed, 0x3d, 0xcb, 0x36, 0xbc, 0xbd, 
  0x7d, 0x61, 0x59, 0x3e, 0x3a, 0x3c, 0xc3, 0x3d, 0xf6, 0x40, 0x93, 0x3e, 
  0x6a, 0x05, 0x5d, 0x3d, 0x7c, 0x83, 0x40, 0x3c, 0x5a, 0x55, 0xb3, 0x3d, 
  0x59, 0xa6, 0x01, 0x3e, 0x0a, 0x57, 0x11, 0xbe, 0x53, 0x25, 0x2c, 0xbe, 
  0x18, 0xd1, 0x0c, 0xbe, 0xff, 0x71, 0xb3, 0xbd, 0x48, 0x03, 0x39, 0xbe, 
  0x47, 0x65, 0x56, 0xbe, 0xc4, 0x22, 0x98, 0xbd, 0xd6, 0x5d, 0x86, 0xbd, 
  0x8a, 0x09, 0x77, 0xbe, 0xc6, 0xf9, 0x98, 0x3e, 0x54, 0xbc, 0x30, 0xbe, 
  0x34, 0x7f, 0xf1, 0x3d, 0xcb, 0x1f, 0x36, 0xbd, 0x49, 0x59, 0x2b, 0x3e, 
  0x38, 0xcc, 0x1c, 0xbe, 0x2a, 0x31, 0xdc, 0x3d, 0x9d, 0xbd, 0x51, 0xbe, 
  0xb2, 0x3b, 0xdf, 0xbd, 0x27, 0xff, 0x38, 0x3d, 0xd5, 0xff, 0x74, 0x3d, 
  0x12, 0x18, 0xb0, 0xbd, 0x2f, 0x08, 0xaf, 0x3e, 0x91, 0x8a, 0x00, 0x3c, 
  0x46, 0x10, 0x9b, 0x3c, 0x46, 0xf4, 0xa0, 0xbc, 0xc6, 0x16, 0x03, 0x3e, 
  0x58, 0x53, 0x10, 0x3d, 0x53, 0x05, 0x80, 0x3e, 0xce, 0xcc, 0xf7, 0x3d, 
  0x79, 0xb4, 0x65, 0x3c, 0x04, 0x0d, 0x11, 0x3e, 0x00, 0x0a, 0x41, 0x3e, 
  0xf5, 0x12, 0x7b, 0xbe, 0x35, 0x78, 0xae, 0x3e, 0x30, 0x6d, 0x26, 0xba, 
  0x56, 0x0c, 0xe3, 0x3e, 0x33, 0x95, 0x30, 0xbe, 0xb4, 0x7d, 0xc2, 0x3b, 
  0x41, 0x66, 0x32, 0x3e, 0x8e, 0x1d, 0x86, 0xbe, 0x9e, 0x60, 0x34, 0x3d, 
  0xe2, 0x8c, 0x3b, 0x3d, 0x30, 0x20, 0x50, 0x3e, 0xab, 0x20, 0xa5, 0xbd, 
  0xcb, 0x5d, 0xb9, 0xbd, 0xfe, 0x1a, 0x8a, 0xbe, 0x15, 0x92, 0x1f, 0x3e, 
  0x55, 0xe3, 0x85, 0x3e, 0x33, 0x11, 0x57, 0x3e, 0xa9, 0x31, 0x15, 0xbe, 
  0x71, 0xe9, 0x7f, 0x3e, 0xe2, 0x74, 0x44, 0xbe, 0xe5, 0xa5, 0x4b, 0xbe, 
  0x1a, 0x8a, 0x08, 0xbe, 0x15, 0x8d, 0x9e, 0xbe, 0xca, 0x3f, 0xe3, 0xbd, 
  0xe4, 0xee, 0x7c, 0xbe, 0xd1, 0x3e, 0x87, 0xbe, 0xe2, 0x67, 0x95, 0xbd, 
  0xd3, 0x47, 0x6c, 0xbe, 0x21, 0x0b, 0x02, 0xbe, 0x44, 0xf1, 0x12, 0xbd, 
  0x48, 0x88, 0xc3, 0x3d, 0xf1, 0x1a, 0x1c, 0x3e, 0x07, 0x1e, 0x12, 0xbe, 
  0xe0, 0xc5, 0x3b, 0xbe, 0x95, 0xf8, 0x80, 0xbb, 0x16, 0xdc, 0xcb, 0xbd, 
  0x66, 0xa0, 0xcc, 0x3d, 0x40, 0x57, 0x91, 0x3e, 0x45, 0x9d, 0xd4, 0x3d, 
  0x60, 0x8c, 0x8f, 0xbe, 0xae, 0x22, 0xc3, 0xbc, 0x52, 0x8e, 0xc0, 0xbd, 
  0x16, 0xd3, 0x66, 0x3e, 0xb5, 0x46, 0xe6, 0xbd, 0x35, 0x2a, 0x8c, 0x3e, 
  0x5e, 0x0d, 0x57, 0xbd, 0xad, 0x62, 0xb9, 0x3d, 0xe0, 0xfa, 0x7d, 0xbd, 
  0x18, 0x9e, 0x24, 0x3d, 0x41, 0x29, 0x17, 0xbe, 0x42, 0x85, 0xac, 0x3d, 
  0x22, 0x4f, 0xdf, 0xbd, 0x75, 0x47, 0x18, 0x3e, 0xf1, 0x13, 0xfa, 0xbd, 
  0xb1, 0xff, 0x28, 0xbe, 0x14, 0x61, 0xe6, 0x3e, 0x32, 0xb1, 0x7a, 0xbe, 
  0x1d, 0xd9, 0x15, 0xbe, 0x3e, 0x80, 0xa0, 0xbe, 0x42, 0xb3, 0xe8, 0xbc, 
  0x72, 0xc9, 0x8d, 0x3e, 0xdd, 0x72, 0x1f, 0xbe, 0xf2, 0x4b, 0x65, 0x3e, 
  0x9a, 0xe8, 0xc4, 0x3c, 0x3f, 0x88, 0x6a, 0x3e, 0xcb, 0x20, 0x85, 0xbd, 
  0xc0, 0x02, 0xc8, 0x3d, 0xe3, 0x70, 0x29, 0xbe, 0x23, 0xc9, 0x0b, 0xbe, 
  0x3b, 0xd1, 0x9c, 0xbe, 0xcb, 0x81, 0x69, 0xbe, 0xd5, 0x5a, 0x81, 0xbe, 
  0x82, 0x1a, 0x5a, 0xbe, 0xa7, 0x18, 0x37, 0xbe, 0xc0, 0x5b, 0xb3, 0xbd, 
  0xc9, 0xbd, 0xa6, 0xbe, 0x3d, 0x55, 0x29, 0xbe, 0x69, 0x1b, 0xab, 0x3b, 
  0xff, 0x5d, 0xcd, 0xbb, 0x2b, 0x8c, 0x98, 0xbd, 0x13, 0x8c, 0x13, 0x3e, 
  0xd2, 0x81, 0xa4, 0xbd, 0x49, 0x11, 0x83, 0xbd, 0x1a, 0x9a, 0xd8, 0xbd, 
  0x76, 0xca, 0x6a, 0x3e, 0x1c, 0x70, 0x6d, 0xbb, 0x41, 0x63, 0x0f, 0x3d, 
  0x51, 0x96, 0x37, 0xbe, 0xbb, 0x57, 0x3a, 0xbd, 0xdb, 0xcb, 0x37, 0x3e, 
  0x22, 0x87, 0x11, 0x3d, 0xb1, 0x47, 0x96, 0x3b, 0x22, 0x51, 0x2c, 0xbe, 
  0x88, 0x19, 0xf2, 0x3d, 0x13, 0x35, 0x91, 0xbd, 0x29, 0x5d, 0xbd, 0x3d, 
  0xcf, 0x22, 0x26, 0x3e, 0xd6, 0xd1, 0x92, 0x3e, 0xef, 0xaf, 0xa6, 0x3d, 
  0x7d, 0x01, 0x8a, 0xbe, 0xa5, 0x6f, 0x29, 0x3e, 0x92, 0x32, 0x1e, 0xbe, 
  0x03, 0x68, 0x2b, 0xbe, 0xc3, 0xc5, 0xb9, 0x3e, 0xf3, 0xbf, 0x33, 0xbe, 
  0x89, 0x7d, 0x84, 0x3d, 0x82, 0x91, 0x59, 0xbe, 0x39, 0x0d, 0xb4, 0xbd, 
  0x0c, 0x89, 0x54, 0x3e, 0xbd, 0x03, 0xb0, 0x3d, 0xac, 0x13, 0x90, 0x3e, 
  0xfc, 0xa4, 0x6a, 0xbe, 0x62, 0xde, 0x9d, 0xbc, 0x21, 0xa7, 0x74, 0xbd, 
  0x19, 0x0d, 0xac, 0x3d, 0x4d, 0x99, 0x2b, 0xbe, 0xac, 0x73, 0x7a, 0x3d, 
  0xbe, 0xec, 0x9d, 0x3d, 0x77, 0xf1, 0xdb, 0xbd, 0x13, 0x4f, 0x04, 0xbc, 
  0x46, 0x62, 0x4b, 0x3e, 0x99, 0xee, 0xc2, 0x3e, 0xba, 0xfa, 0x8c, 0x3e, 
  0x26, 0xe0, 0xff, 0xff, 0x04, 0x00, 0x00, 0x00, 0x00, 0x06, 0x00, 0x00, 
  0x5e, 0xfc, 0xa0, 0x3d, 0xb3, 0xdc, 0x13, 0x3e, 0x61, 0xe3, 0x96, 0x3e, 
  0xe7, 0xda, 0xba, 0x3e, 0x8d, 0x96, 0xe4, 0xbd, 0xfc, 0xda, 0xe4, 0x3c, 
  0x8f, 0x63, 0x68, 0x3c, 0x05, 0x4c, 0x7c, 0x3e, 0xb6, 0xa0, 0x0f, 0xbd, 
  0x17, 0x60, 0xe1, 0x3d, 0xa6, 0x7f, 0x7d, 0xbc, 0x2b, 0x5d, 0xbb, 0x3c, 
  0xec, 0x0f, 0x6b, 0xbe, 0x19, 0xcb, 0xca, 0x3d, 0xc9, 0xe6, 0xa3, 0x3e, 
  0x5e, 0xd8, 0x80, 0xbe, 0xe6, 0xd1, 0x9c, 0x3d, 0xf9, 0x67, 0x26, 0x3e, 
  0xb3, 0x77, 0x26, 0x3d, 0x55, 0x15, 0x51, 0x3e, 0xdf, 0xc2, 0xa5, 0xbe, 
  0x9a, 0xb9, 0x91, 0xbd, 0x5a, 0xdb, 0x6d, 0x3e, 0x08, 0x8d, 0x29, 0x3e, 
  0xf4, 0xd4, 0x77, 0xbe, 0xcc, 0x63, 0x29, 0x3e, 0x3d, 0xc1, 0xe7, 0xbd, 
  0x94, 0x6b, 0xa8, 0x3e, 0x4d, 0x67, 0x82, 0xbd, 0x14, 0x0f, 0x2a, 0xbe, 
  0xf3, 0x7a, 0x18, 0xbe, 0x3f, 0x1c, 0x78, 0x3e, 0x48, 0xd5, 0x97, 0xbe, 
  0xa2, 0xc3, 0x81, 0xbd, 0xec, 0x79, 0x52, 0xbe, 0x51, 0xcd, 0xd5, 0x3d, 
  0x92, 0x9b, 0x1a, 0x3e, 0xd5, 0xf9, 0xaa, 0x3e, 0x95, 0xa1, 0x0b, 0x3e, 
  0x9a, 0xe8, 0xbe, 0x3e, 0xc4, 0xe5, 0xfe, 0x3d, 0x91, 0x85, 0xe6, 0x3b, 
  0x09, 0xce, 0x76, 0xbc, 0xbe, 0x1c, 0x88, 0xbe, 0xdb, 0xe2, 0x54, 0xbe, 
  0x04, 0x1e, 0x05, 0xbe, 0x1e, 0xa7, 0xb4, 0xbd, 0x5d, 0x05, 0x2f, 0x3d, 
  0x25, 0xe2, 0xa0, 0xbe, 0xd2, 0xf4, 0x2a, 0x3e, 0x96, 0x0f, 0x6f, 0xbe, 
  0xbd, 0xf4, 0xb4, 0xbd, 0x42, 0x9d, 0x08, 0xbc, 0x77, 0x7b, 0x60, 0xbe, 
  0x69, 0x09, 0x0a, 0xbd, 0xe0, 0x84, 0x7c, 0x3d, 0x61, 0x69, 0xdf, 0x3e, 
  0xad, 0xf9, 0xdc, 0x3c, 0xe8, 0x37, 0xcc, 0x3e, 0xaa, 0xba, 0x2d, 0x3e, 
  0xb8, 0x3f, 0x04, 0x3e, 0xb5, 0x1e, 0xfc, 0xbe, 0x01, 0x5e, 0x09, 0xbd, 
  0x4e, 0xf6, 0x93, 0x3e, 0x5b, 0x9a, 0x11, 0xbf, 0x3c, 0xd2, 0x67, 0x3e, 
  0xe3, 0xcf, 0x77, 0x3e, 0xf5, 0x5f, 0xbe, 0xbe, 0xa1, 0x6e, 0x87, 0xbe, 
  0x03, 0xf6, 0x2f, 0xbc, 0xdc, 0x2a, 0x81, 0x3e, 0xc8, 0x77, 0x11, 0xbe, 
  0xc1, 0xf7, 0x20, 0x3e, 0xde, 0x8c, 0xa2, 0xbe, 0x3b, 0x51, 0xb1, 0x3d, 
  0xf7, 0x3c, 0x1a, 0xbe, 0xa5, 0x2c, 0xd6, 0x3e, 0x5a, 0x3f, 0x2a, 0xbe, 
  0xf1, 0x98, 0xc1, 0xbe, 0x15, 0x66, 0x95, 0x3e, 0x3f, 0x8c, 0x46, 0x3c, 
  0x54, 0x0b, 0xc0, 0xbe, 0x16, 0x99, 0x27, 0xbe, 0xda, 0x2e, 0xd4, 0x3e, 
  0xc6, 0x2b, 0x11, 0x3e, 0x8c, 0x62, 0x74, 0xbe, 0x11, 0x13, 0x84, 0xbe, 
  0x5b, 0xcb, 0x3f, 0x3e, 0x9b, 0x62, 0x9e, 0xbe, 0xa4, 0xa6, 0x96, 0x3d, 
  0xa0, 0x26, 0x4f, 0xbe, 0xd4, 0x14, 0xe0, 0xbd, 0xfe, 0x06, 0xa8, 0x3e, 
  0xf1, 0xbb, 0xe2, 0xbd, 0xcc, 0xea, 0x89, 0x3e, 0xbb, 0x45, 0x30, 0x3e, 
  0xc2, 0x6f, 0x84, 0xbe, 0xfd, 0x32, 0x85, 0xbe, 0xb4, 0x43, 0x6f, 0xbe, 
  0xe2, 0xef, 0x7c, 0xbe, 0x36, 0x87, 0xa2, 0xbe, 0xd4, 0x29, 0x23, 0xbe, 
  0xdc, 0x5c, 0x00, 0x3e, 0x43, 0xfa, 0x69, 0x3d, 0xe8, 0x18, 0x83, 0xbe, 
  0xaa, 0x8b, 0x41, 0xbe, 0xdb, 0x58, 0x3b, 0xbe, 0x41, 0xe3, 0x91, 0xbe, 
  0xa0, 0xf2, 0x20, 0xbe, 0x0f, 0xc2, 0x41, 0x3e, 0xf4, 0x10, 0x20, 0x3e, 
  0xc7, 0x36, 0x0e, 0xbe, 0x2e, 0xdc, 0xcb, 0xbc, 0xfa, 0x50, 0x31, 0x3d, 
  0x91, 0xc8, 0x59, 0x3d, 0xb0, 0x69, 0x5f, 0xbe, 0x8a, 0x1e, 0xad, 0xbe, 
  0x58, 0xf6, 0x98, 0x3e, 0xb1, 0x3c, 0xbd, 0xbc, 0x9e, 0x44, 0xba, 0xbc, 
  0x49, 0x7d, 0x92, 0xbe, 0x8e, 0xfb, 0x1b, 0x3e, 0x4a, 0xe1, 0x79, 0x3d, 
  0x9a, 0x54, 0x1d, 0x3e, 0x06, 0x38, 0x84, 0xbd, 0x13, 0xf5, 0x9e, 0xbe, 
  0x9a, 0xa9, 0x53, 0xbe, 0x36, 0x65, 0xb3, 0x3e, 0x8d, 0x24, 0x90, 0xbe, 
  0x42, 0x41, 0x56, 0x3e, 0xcc, 0x76, 0x34, 0xbe, 0xe5, 0x3d, 0x81, 0xbd, 
  0x7d, 0x0b, 0x41, 0x3e, 0xb4, 0x24, 0x3e, 0x3e, 0x0d, 0xa6, 0x9a, 0xbe, 
  0x4d, 0xf8, 0x08, 0xbd, 0x30, 0x8f, 0x80, 0xbe, 0xda, 0xd3, 0x72, 0x3e, 
  0xd6, 0xc9, 0x67, 0x3c, 0x86, 0x8a, 0x8c, 0x3e, 0xfa, 0x69, 0x5f, 0xbd, 
  0x8e, 0x5c, 0x73, 0x3d, 0x99, 0x1b, 0x6b, 0xbe, 0x5d, 0x89, 0x78, 0x3e, 
  0xd8, 0xe2, 0x3e, 0x3e, 0xe6, 0x09, 0x77, 0xbd, 0x82, 0x1f, 0x46, 0x3d, 
  0x66, 0xf8, 0xae, 0x3e, 0x54, 0x5f, 0xe7, 0xbe, 0x11, 0x3f, 0xa2, 0xbd, 
  0x3a, 0x60, 0x80, 0x3d, 0x44, 0xdd, 0xed, 0x3d, 0x96, 0xea, 0x4a, 0xbc, 
  0x17, 0x15, 0xa0, 0xbe, 0xe5, 0xa5, 0xf9, 0x3d, 0xc9, 0x2c, 0x8d, 0xbe, 
  0x5c, 0xdd, 0x47, 0xbe, 0x22, 0x0a, 0x97, 0xbc, 0xfe, 0xae, 0x6f, 0x3d, 
  0x75, 0xfd, 0x67, 0x3e, 0xdf, 0x40, 0xa0, 0xbe, 0xc5, 0x97, 0xca, 0xbe, 
  0x3e, 0xbc, 0xba, 0xbe, 0x5f, 0x98, 0xd7, 0x3e, 0x7c, 0xf3, 0x00, 0xbe, 
  0xfd, 0x9f, 0xc2, 0x3d, 0x63, 0xab, 0x90, 0xbe, 0xa0, 0x0a, 0x7c, 0xbe, 
  0x6c, 0x88, 0xcd, 0xbd, 0xbd, 0x2f, 0x1f, 0x3e, 0xa8, 0x15, 0x82, 0xbd, 
  0xa2, 0x25, 0x0b, 0xbe, 0xcc, 0x5c, 0x77, 0xbe, 0x1b, 0x46, 0x8a, 0x3e, 
  0x1f, 0x9a, 0x6c, 0x3e, 0xd6, 0x8a, 0x0b, 0x3e, 0xd5, 0x0f, 0xfa, 0x3c, 
  0x1a, 0x32, 0xd9, 0x3d, 0x07, 0x89, 0x95, 0x3d, 0xe8, 0xb3, 0x91, 0x3e, 
  0x27, 0x59, 0xfe, 0x3d, 0xe1, 0x44, 0x6d, 0x3e, 0x6b, 0xb7, 0xbf, 0x3d, 
  0xaa, 0x37, 0x04, 0x3e, 0xef, 0x43, 0x40, 0xbd, 0x8d, 0x27, 0x03, 0xbd, 
  0xd1, 0x7c, 0x45, 0xbe, 0x71, 0x1f, 0xb7, 0xbc, 0x01, 0x98, 0x35, 0x3e, 
  0x5c, 0xcc, 0xe8, 0x3d, 0xed, 0xb2, 0x4c, 0x3e, 0x97, 0x6e, 0x86, 0x3d, 
  0x75, 0x2f, 0xa3, 0x3c, 0xc3, 0xeb, 0x88, 0xbe, 0x0c, 0x18, 0x15, 0x3e, 
  0xff, 0xdd, 0x89, 0x3e, 0x50, 0xfa, 0x4f, 0x3d, 0x36, 0x35, 0x91, 0xbd, 
  0xcc, 0x2b, 0x1a, 0x3e, 0x52, 0x8d, 0x67, 0x3e, 0xf8, 0x60, 0xe3, 0xbd, 
  0xda, 0x7d, 0x56, 0xbe, 0xcd, 0xd1, 0x15, 0xbe, 0x48, 0x4e, 0x8e, 0x3e, 
  0x20, 0x8e, 0x77, 0x3e, 0x13, 0x71, 0x9c, 0xbd, 0x1e, 0x5d, 0x6f, 0xbe, 
  0x1a, 0xdd, 0x80, 0x3e, 0x19, 0xad, 0x3d, 0xbe, 0x95, 0x88, 0x2b, 0xbe, 
  0x1a, 0x3b, 0x92, 0x3d, 0x51, 0x57, 0x94, 0x3e, 0xc5, 0x80, 0x8e, 0xbc, 
  0x95, 0xf7, 0xf2, 0x3d, 0x1e, 0x12, 0x9f, 0xbd, 0xe5, 0xfe, 0xb7, 0x3c, 
  0x66, 0xc7, 0x55, 0xbd, 0x27, 0x74, 0x8a, 0xbe, 0xd3, 0xdd, 0x18, 0x3d, 
  0xc1, 0xb7, 0x85, 0x3e, 0x36, 0x81, 0x60, 0xbe, 0x2d, 0xe2, 0x50, 0x3e, 
  0x27, 0x73, 0x1e, 0x3e, 0x02, 0x45, 0x24, 0x3e, 0x78, 0xcd, 0x42, 0xbe, 
  0xa5, 0xcf, 0x7e, 0xbe, 0xa2, 0xac, 0xff, 0xbd, 0x0e, 0x6c, 0x1a, 0xbe, 
  0x20, 0x4f, 0x6b, 0xbd, 0x42, 0x5d, 0x0a, 0x3e, 0xd2, 0x45, 0x8b, 0xbd, 
  0xd4, 0xdc, 0x22, 0x3d, 0x3d, 0x74, 0x33, 0xbe, 0x93, 0x60, 0x9b, 0xbe, 
  0xe1, 0x73, 0x63, 0xbe, 0xbc, 0x0d, 0xcf, 0x3e, 0xe8, 0xf0, 0x26, 0xbe, 
  0x56, 0x99, 0x01, 0x3e, 0xb3, 0x74, 0x05, 0xbe, 0x66, 0x90, 0x3c, 0x3e, 
  0x7b, 0xd0, 0xa2, 0xbe, 0x6e, 0xe0, 0xa1, 0xbe, 0x35, 0x9f, 0x30, 0xbe, 
  0x6a, 0x8b, 0xd9, 0x3d, 0xc6, 0x0b, 0xbf, 0x3d, 0xd4, 0xc8, 0x8d, 0xbd, 
  0x98, 0x69, 0x8e, 0x3e, 0x6e, 0x40, 0x47, 0xbb, 0x6b, 0x7c, 0xba, 0xbe, 
  0x0e, 0x83, 0xcc, 0xbe, 0xec, 0xd4, 0x08, 0xbe, 0x81, 0x15, 0x84, 0xbd, 
  0x72, 0x56, 0x05, 0xbe, 0xdb, 0x70, 0x24, 0xbe, 0xb7, 0x70, 0x0a, 0xbe, 
  0xe9, 0x63, 0xfe, 0x3d, 0xff, 0x25, 0x9e, 0xbe, 0xcd, 0xc7, 0x23, 0xbe, 
  0x93, 0x78, 0x49, 0xbe, 0x9f, 0x72, 0x52, 0x3e, 0x1f, 0xf1, 0x17, 0xbe, 
  0x34, 0x08, 0x57, 0x3e, 0x53, 0xa0, 0x01, 0x3d, 0xd2, 0xf8, 0xa4, 0x3e, 
  0x13, 0xe5, 0x94, 0xbe, 0xe2, 0x55, 0xfd, 0x3d, 0xe5, 0x2d, 0x1b, 0xbe, 
  0x2a, 0x30, 0x77, 0x3e, 0xb1, 0xe8, 0x35, 0x3e, 0x06, 0x74, 0xd4, 0xbc, 
  0x1b, 0xa1, 0x2a, 0xbe, 0xa4, 0x99, 0x87, 0xbe, 0x7a, 0x53, 0x08, 0xbe, 
  0x97, 0xbe, 0x36, 0xbe, 0xed, 0x0b, 0xc5, 0x3d, 0x1a, 0x59, 0xdf, 0xbb, 
  0xba, 0xc7, 0x92, 0x3e, 0x6c, 0xfa, 0xc2, 0xbe, 0xbe, 0x49, 0x51, 0xbd, 
  0xde, 0x6c, 0xf3, 0x3d, 0x06, 0x42, 0x31, 0xbd, 0xc4, 0x0c, 0xa0, 0xbd, 
  0x36, 0xe8, 0x59, 0xbe, 0x1f, 0xb5, 0x4c, 0x3e, 0x3a, 0xa0, 0x89, 0xbe, 
  0x89, 0x36, 0xc5, 0xbe, 0x2d, 0x8a, 0x70, 0xbe, 0xde, 0x12, 0xcb, 0xbd, 
  0xac, 0xd8, 0xa8, 0xbe, 0xb5, 0x3d, 0x20, 0x3e, 0xcf, 0x61, 0xbe, 0xbe, 
  0x4a, 0x3e, 0xd0, 0x3e, 0xee, 0xc1, 0xd0, 0xbd, 0xd0, 0xc1, 0x30, 0x3c, 
  0x35, 0x3d, 0x58, 0x3e, 0x02, 0x5b, 0x33, 0xbd, 0x60, 0xff, 0x23, 0x3d, 
  0x7e, 0x6f, 0x2d, 0xbd, 0x3f, 0xde, 0xac, 0xbe, 0xe5, 0x5a, 0x65, 0xbd, 
  0x9a, 0x5d, 0xb5, 0xbe, 0xda, 0x15, 0x42, 0x3e, 0x0c, 0x6e, 0x9a, 0xbe, 
  0x90, 0xbd, 0x24, 0xbd, 0x56, 0x08, 0x26, 0x3d, 0xc5, 0xf5, 0xdb, 0x3d, 
  0x05, 0xb3, 0x88, 0x3d, 0x82, 0x3f, 0x67, 0x3e, 0xa1, 0x61, 0xe1, 0x3d, 
  0x89, 0x82, 0x80, 0xbe, 0xbe, 0x70, 0x4f, 0xbe, 0x36, 0xcb, 0x6b, 0x3e, 
  0x7f, 0x02, 0x1d, 0x3d, 0x39, 0x92, 0x88, 0xbd, 0x81, 0x81, 0xec, 0xbd, 
  0xd5, 0x07, 0x83, 0xbd, 0x69, 0x67, 0xc5, 0xbe, 0xd1, 0x13, 0x5b, 0x3e, 
  0xd8, 0xcc, 0x89, 0xbe, 0x38, 0x2e, 0xfb, 0xbd, 0xd0, 0xe6, 0x55, 0x3e, 
  0xda, 0x53, 0x4f, 0x3e, 0x28, 0x05, 0x65, 0xbe, 0xb4, 0xf3, 0x09, 0x3d, 
  0x56, 0xb3, 0xec, 0xbe, 0x4f, 0xb7, 0x83, 0xbe, 0x27, 0x23, 0x97, 0xbe, 
  0x6c, 0x9a, 0x8b, 0xbe, 0xcf, 0x74, 0x79, 0xbe, 0x48, 0x68, 0xf1, 0x3d, 
  0x9e, 0xce, 0xc1, 0x3e, 0x96, 0x4c, 0xdc, 0xbc, 0xc7, 0xf7, 0x82, 0x3e, 
  0xf5, 0x99, 0x86, 0xbe, 0x17, 0x24, 0xb3, 0xbe, 0x35, 0xd1, 0xf8, 0x3d, 
  0xe3, 0x98, 0x21, 0x3e, 0x86, 0x23, 0xc8, 0x3c, 0xa2, 0x09, 0x45, 0x3e, 
  0xc4, 0x6d, 0x18, 0xbe, 0x73, 0xeb, 0x8c, 0xbd, 0x31, 0x77, 0x5c, 0x3e, 
  0x23, 0xa8, 0xbc, 0x3d, 0xed, 0xd7, 0x75, 0xbe, 0xff, 0x29, 0x1c, 0xbd, 
  0x58, 0xce, 0x98, 0x3e, 0x8a, 0x92, 0x83, 0x3e, 0x63, 0x7a, 0x13, 0x3d, 
  0x12, 0xba, 0x01, 0xbd, 0xb0, 0x4c, 0xab, 0x3c, 0xa9, 0x5c, 0x63, 0x3e, 
  0x47, 0xd9, 0x90, 0xbe, 0x92, 0x3c, 0x8b, 0x3e, 0xb9, 0x4d, 0x9e, 0xbe, 
  0x9c, 0x1c, 0x22, 0x3c, 0x33, 0x96, 0xa0, 0x3e, 0x28, 0x2a, 0xe2, 0x3d, 
  0xef, 0x7f, 0x82, 0xbe, 0x42, 0xdf, 0x30, 0x3d, 0x80, 0xe0, 0xb1, 0xbe, 
  0x80, 0x72, 0xd0, 0x3e, 0x5e, 0x65, 0x9f, 0x3e, 0x86, 0x60, 0x34, 0xbd, 
  0x79, 0x41, 0x78, 0xbe, 0xe1, 0x1f, 0x0f, 0xbc, 0xc0, 0x67, 0x66, 0xbe, 
  0x75, 0xa0, 0x64, 0xbe, 0x6f, 0x9d, 0x72, 0x3e, 0x86, 0x83, 0x60, 0x3d, 
  0xfe, 0x69, 0x87, 0xbc, 0x58, 0x70, 0x9d, 0x3e, 0x12, 0x04, 0x15, 0xbe, 
  0xef, 0x2f, 0x3c, 0x3d, 0x7e, 0xc8, 0x91, 0xbe, 0x8f, 0xd0, 0x34, 0xbd, 
  0x8b, 0x2b, 0x25, 0x3e, 0x61, 0xee, 0x8d, 0xbe, 0xb3, 0x6e, 0x9b, 0xbe, 
  0x82, 0x96, 0xbc, 0x3e, 0xa6, 0xfb, 0x9c, 0xbe, 0x61, 0x8e, 0xe6, 0xbe, 
  0x9c, 0x0c, 0x64, 0xbd, 0x7f, 0x90, 0xd7, 0x3c, 0xea, 0x9c, 0x41, 0x3e, 
  0x32, 0xe6, 0xff, 0xff, 0x04, 0x00, 0x00, 0x00, 0x00, 0x18, 0x00, 0x00, 
  0x25, 0xc8, 0xd5, 0x3d, 0xb9, 0xb9, 0x2c, 0x3e, 0xcb, 0x7c, 0x2f, 0xbd, 
  0xea, 0x49, 0x8d, 0x3d, 0x3a, 0x95, 0xda, 0x3c, 0x0b, 0x90, 0x9d, 0x3d, 
  0x91, 0xaa, 0xc6, 0x3d, 0x8a, 0x5a, 0xcc, 0xbd, 0x45, 0x77, 0xeb, 0x3d, 
  0x36, 0x95, 0x31, 0x3d, 0x0c, 0x4b, 0x4b, 0xbd, 0x05, 0xcf, 0xc0, 0x3d, 
  0x87, 0x57, 0x12, 0x3e, 0x29, 0xbf, 0xe7, 0xbd, 0xef, 0x2b, 0x85, 0x3a, 
  0xb8, 0xe4, 0xa6, 0x3d, 0x33, 0x4d, 0x04, 0x3c, 0x69, 0x25, 0x16, 0x3e, 
  0x2b, 0xdd, 0x8a, 0x3d, 0x0a, 0xe0, 0x82, 0x3d, 0xa1, 0x1e, 0xd8, 0xbc, 
  0xae, 0x46, 0x7c, 0xbd, 0x05, 0x71, 0x31, 0x3e, 0x33, 0x51, 0xdc, 0xbc, 
  0xda, 0x9c, 0x79, 0x3d, 0x69, 0xa2, 0x2b, 0xbd, 0xf9, 0xdf, 0xbc, 0xbc, 
  0xbc, 0x86, 0x81, 0xbd, 0x87, 0x1e, 0xaf, 0x3d, 0x81, 0x9a, 0xbc, 0xbd, 
  0xec, 0x96, 0x74, 0x3d, 0x9d, 0xbb, 0xae, 0xbd, 0x64, 0xb8, 0x03, 0x3c, 
  0x64, 0x6c, 0x18, 0xbd, 0xa4, 0x80, 0x32, 0x3d, 0x8c, 0x97, 0x90, 0x3c, 
  0xd6, 0x73, 0xde, 0xbc, 0x8f, 0xe2, 0xa5, 0x3d, 0x20, 0x4d, 0xaf, 0xbc, 
  0x08, 0x12, 0x01, 0x3e, 0x11, 0xc2, 0x41, 0x3e, 0x8f, 0xe6, 0x0b, 0x3d, 
  0xb6, 0x43, 0x76, 0x3c, 0xa8, 0x8b, 0x3e, 0xbd, 0xf9, 0x75, 0x31, 0x3e, 
  0x10, 0xa3, 0x99, 0x3c, 0x8b, 0x29, 0x68, 0xbd, 0x5e, 0x7f, 0x28, 0xbd, 
  0x0c, 0xad, 0xda, 0x3d, 0x32, 0xb8, 0xa4, 0xb9, 0x35, 0xa1, 0x2d, 0x3d, 
  0x1b, 0xfe, 0xe2, 0x3d, 0xd1, 0x91, 0x39, 0x3e, 0x2a, 0x08, 0xd6, 0xbb, 
  0x24, 0xd9, 0xec, 0x3d, 0x1d, 0x24, 0x02, 0x3e, 0x2f, 0x63, 0x82, 0xbd, 
  0x4d, 0xa9, 0x8a, 0x3c, 0x63, 0xa9, 0x2d, 0x3e, 0x7d, 0x25, 0x1f, 0x3e, 
  0xe1, 0x39, 0x1f, 0xbd, 0x10, 0x71, 0x4d, 0xbd, 0x8b, 0x00, 0x90, 0xbd, 
  0x4c, 0x76, 0x9f, 0xbd, 0xfa, 0xc0, 0x55, 0x3d, 0xde, 0x27, 0x54, 0xbd, 
  0xb0, 0xf6, 0x8a, 0xbd, 0xb6, 0x82, 0x7d, 0xbc, 0x2f, 0x45, 0x9b, 0x3e, 
  0xb2, 0xbd, 0x2d, 0xbd, 0x1c, 0x6c, 0xb0, 0x3c, 0xe4, 0x80, 0x4c, 0x3d, 
  0xb0, 0x1a, 0x3e, 0x3e, 0xf0, 0xf9, 0x4e, 0x3e, 0x20, 0x51, 0x72, 0x3e, 
  0xc7, 0xbe, 0xa1, 0x3d, 0xa8, 0x9b, 0x22, 0xbd, 0x5e, 0x1f, 0x9e, 0xbc, 
  0xbd, 0x65, 0xd8, 0xbb, 0x93, 0x82, 0x48, 0xbe, 0xa2, 0x76, 0x58, 0xbc, 
  0xb5, 0x53, 0xf7, 0x3b, 0x6a, 0xd0, 0x46, 0xbd, 0x18, 0x80, 0x9d, 0x3d, 
  0x8e, 0xc9, 0xf1, 0x3d, 0x03, 0xc6, 0x7f, 0xbc, 0xe6, 0xb1, 0x1b, 0x3c, 
  0xfb, 0x18, 0xe1, 0xbd, 0x48, 0xfa, 0x99, 0x3d, 0x31, 0xd2, 0x17, 0x3e, 
  0xe0, 0x51, 0xf2, 0x3d, 0xc9, 0x60, 0x7d, 0x3c, 0xd4, 0xaa, 0xb9, 0xbc, 
  0xd0, 0x63, 0x07, 0xbe, 0x4a, 0xe2, 0xca, 0x3d, 0x2f, 0xf0, 0x23, 0xbd, 
  0xc8, 0x2e, 0xff, 0xbd, 0x63, 0xfe, 0xe2, 0x3d, 0x4e, 0xb3, 0x0a, 0x3e, 
  0xc5, 0xf0, 0x1e, 0xbd, 0xe2, 0x74, 0xc8, 0xbd, 0xdb, 0x58, 0xb0, 0x3d, 
  0x71, 0xe1, 0x49, 0x3e, 0xdd, 0x5e, 0xf4, 0x3d, 0xb9, 0xf0, 0x3b, 0x3e, 
  0x66, 0xc8, 0xbb, 0xbc, 0xaa, 0x12, 0xbc, 0x3d, 0x5f, 0x89, 0x8d, 0xbd, 
  0xbd, 0xc4, 0xbb, 0x3d, 0x9e, 0xf2, 0x84, 0x3d, 0xe5, 0x06, 0x09, 0x3e, 
  0x98, 0x55, 0xd2, 0x3d, 0xd7, 0x93, 0xca, 0x3d, 0x8f, 0x5b, 0x4f, 0xbd, 
  0xca, 0xc1, 0xe6, 0x3d, 0xfd, 0xdd, 0x17, 0x3e, 0x47, 0x68, 0x28, 0xbe, 
  0xea, 0x22, 0x25, 0x3d, 0x03, 0x46, 0x32, 0x3e, 0xa5, 0x5e, 0xfc, 0xbd, 
  0x8b, 0xdc, 0x15, 0xbd, 0x45, 0x38, 0x59, 0x3e, 0x50, 0x75, 0x4a, 0x3e, 
  0x68, 0x69, 0x71, 0x3c, 0xc0, 0x20, 0x66, 0xbd, 0xa2, 0x1f, 0x35, 0x3d, 
  0xcc, 0xc3, 0xb8, 0xbc, 0x04, 0x9a, 0x9d, 0xbd, 0xfd, 0xfd, 0x10, 0x3e, 
  0x2f, 0x9b, 0xd7, 0x3d, 0x6b, 0x12, 0xe4, 0xbd, 0x93, 0x56, 0x2a, 0x3d, 
  0x08, 0xad, 0xfc, 0xbd, 0x71, 0xbc, 0xa9, 0xbc, 0xa9, 0xd6, 0xd2, 0xbc, 
  0xe7, 0x45, 0x48, 0xbc, 0x5a, 0x41, 0xc3, 0x3d, 0x49, 0x12, 0xcd, 0x3d, 
  0xf1, 0x3c, 0x3e, 0xbc, 0x90, 0xc5, 0x81, 0xbd, 0xb0, 0x0e, 0x10, 0x3d, 
  0x6c, 0x44, 0x1e, 0x3e, 0x7e, 0x88, 0x66, 0xbc, 0x0f, 0xa3, 0x35, 0x3e, 
  0xc9, 0xc4, 0x69, 0x3d, 0x88, 0x26, 0x68, 0xbe, 0xbd, 0x08, 0x4d, 0x3d, 
  0x9f, 0xa3, 0x15, 0xbd, 0x73, 0x10, 0x04, 0x3e, 0xae, 0x81, 0xae, 0xbd, 
  0xa7, 0x86, 0x49, 0x3e, 0x25, 0x71, 0xf3, 0x3b, 0xf5, 0x50, 0x65, 0xbd, 
  0x25, 0x4f, 0xd5, 0xbd, 0xe5, 0xd0, 0x2a, 0xbe, 0x6b, 0xef, 0x7b, 0x3e, 
  0xea, 0x59, 0xc3, 0xbd, 0xa7, 0x65, 0x23, 0x3e, 0x5b, 0x17, 0x89, 0x3d, 
  0xe7, 0xb8, 0x41, 0xbe, 0x64, 0x3f, 0x73, 0x3d, 0x3d, 0x93, 0x2c, 0x3e, 
  0x74, 0xf2, 0x9e, 0x3e, 0x8e, 0xb7, 0x9e, 0xbd, 0x93, 0x4e, 0xa9, 0xbe, 
  0xea, 0x84, 0x8f, 0x3d, 0x97, 0x38, 0xc1, 0x3e, 0x8e, 0x38, 0x2c, 0x3e, 
  0x6e, 0xf9, 0x28, 0xbd, 0x83, 0x76, 0x10, 0x3d, 0xab, 0xb8, 0x48, 0xbe, 
  0xa9, 0xb1, 0x0a, 0x3e, 0x61, 0xf1, 0x63, 0xbe, 0x46, 0xb7, 0xc0, 0xbb, 
  0xea, 0x23, 0x59, 0xbe, 0x51, 0x66, 0x3e, 0xbe, 0xce, 0x58, 0x06, 0x3d, 
  0x79, 0x03, 0x18, 0xbe, 0xc7, 0xa3, 0x48, 0xbd, 0xc9, 0x0f, 0x9a, 0xbe, 
  0x68, 0x74, 0x0d, 0xbe, 0xff, 0xfb, 0x10, 0x3d, 0x4f, 0xc9, 0x8e, 0x3e, 
  0xea, 0x0b, 0x03, 0xbd, 0x97, 0x6c, 0x0f, 0xbe, 0x0a, 0xbc, 0x1f, 0xbe, 
  0x77, 0x11, 0x80, 0xbd, 0x00, 0x2d, 0x83, 0xbd, 0xf7, 0x77, 0x03, 0xbe, 
  0xdc, 0x5d, 0xb6, 0x3e, 0x54, 0x47, 0x48, 0xbd, 0x08, 0x51, 0xdc, 0x3c, 
  0x0f, 0x88, 0xb9, 0x3d, 0x50, 0x24, 0xb6, 0x3d, 0xe1, 0xe6, 0xb6, 0x3c, 
  0xc8, 0x08, 0xc3, 0x3d, 0x45, 0xcd, 0x63, 0x3e, 0x9c, 0x43, 0x2b, 0xbd, 
  0xac, 0xef, 0xf7, 0x3d, 0x77, 0x2c, 0xb8, 0xbd, 0xb5, 0xf5, 0x30, 0xbd, 
  0xab, 0x7c, 0x75, 0x3d, 0xfc, 0xa8, 0xdc, 0x3d, 0x86, 0x92, 0x30, 0x3e, 
  0xf5, 0xbc, 0x02, 0x3e, 0x1c, 0x7c, 0xb0, 0xbd, 0x76, 0x7d, 0xb9, 0x3d, 
  0x3a, 0xa2, 0x18, 0x3d, 0x1a, 0x60, 0x90, 0x3d, 0xab, 0x75, 0xa3, 0x3d, 
  0xec, 0x95, 0xc3, 0xbd, 0xc2, 0x66, 0x06, 0x3e, 0xee, 0x31, 0x49, 0x3e, 
  0x6e, 0x2d, 0x04, 0x3e, 0x6a, 0xdc, 0xf8, 0xba, 0xea, 0x6f, 0xf4, 0x3c, 
  0x70, 0x2b, 0x23, 0xbd, 0x48, 0xdd, 0x3f, 0x3e, 0xbb, 0xda, 0x4e, 0x3d, 
  0xf2, 0x63, 0x12, 0xbc, 0xa1, 0xcd, 0x23, 0x3d, 0xd5, 0x6e, 0xb5, 0xbc, 
  0x33, 0x9c, 0xae, 0x3d, 0x16, 0x90, 0x5a, 0x3d, 0x96, 0xb4, 0x01, 0xbd, 
  0x96, 0x1b, 0x46, 0x3d, 0xec, 0x0c, 0x64, 0xbd, 0x4e, 0xaa, 0x60, 0x3d, 
  0x73, 0x3c, 0x61, 0x3e, 0x47, 0x08, 0x21, 0x3d, 0x81, 0x4b, 0x79, 0x3b, 
  0xbf, 0x27, 0xdc, 0xbd, 0xb0, 0xbb, 0xe1, 0x3a, 0x12, 0x7b, 0x76, 0x3c, 
  0x02, 0x24, 0x67, 0x3e, 0x1b, 0x0e, 0x9d, 0xbc, 0x9f, 0x12, 0xfe, 0x3d, 
  0xe6, 0xba, 0x2e, 0xbe, 0xb5, 0xb7, 0x83, 0xbd, 0x5b, 0xc9, 0x04, 0xbe, 
  0x06, 0x1a, 0xf4, 0xbd, 0x5d, 0x0a, 0x03, 0xbd, 0xef, 0xc7, 0xf6, 0x3b, 
  0xaa, 0xfe, 0x5f, 0xbd, 0x0f, 0x58, 0x57, 0xbe, 0xcf, 0x1a, 0xcd, 0xbb, 
  0x14, 0x02, 0x44, 0x3e, 0x93, 0x42, 0x90, 0x3a, 0xd8, 0xa0, 0x8d, 0xbd, 
  0x62, 0xf8, 0xf9, 0xbd, 0x33, 0x80, 0x0e, 0xbe, 0x04, 0x33, 0xd4, 0x3d, 
  0x88, 0xf9, 0x20, 0xbd, 0x71, 0x9c, 0x94, 0x3e, 0x62, 0x16, 0x31, 0xbe, 
  0xc7, 0x94, 0xd1, 0x3d, 0xdd, 0x73, 0x06, 0x3d, 0xd9, 0x2e, 0x82, 0xbd, 
  0xdd, 0xb8, 0x03, 0xbe, 0x0e, 0x0f, 0x23, 0xbe, 0x1b, 0x8c, 0x04, 0xbd, 
  0xce, 0xdc, 0x93, 0xbd, 0x1f, 0x15, 0x5f, 0x3e, 0x6c, 0x8e, 0xd5, 0x3d, 
  0xfd, 0x9e, 0xb0, 0x3c, 0xd4, 0x8b, 0x88, 0xbe, 0x2f, 0x0b, 0x80, 0xbe, 
  0x79, 0x7e, 0x39, 0x3e, 0x94, 0x47, 0xf6, 0xbd, 0x6c, 0x97, 0x74, 0x3e, 
  0x23, 0xda, 0x18, 0x3e, 0x68, 0x98, 0x14, 0xbe, 0xf9, 0x0f, 0x0a, 0x3c, 
  0x0c, 0x95, 0x4a, 0xbc, 0x58, 0xe4, 0xdd, 0x3d, 0x75, 0xd1, 0xa0, 0x3c, 
  0xfb, 0xbf, 0x1e, 0xbc, 0xee, 0x7f, 0x62, 0x3d, 0x17, 0x79, 0x99, 0x3d, 
  0xcb, 0x26, 0xf1, 0x3d, 0x7d, 0x45, 0xc4, 0xbd, 0x80, 0xfc, 0x4e, 0x3d, 
  0x88, 0x10, 0x53, 0xbd, 0xbf, 0xa1, 0x81, 0x3d, 0x9c, 0x53, 0x16, 0xbe, 
  0xae, 0x52, 0x2d, 0x3e, 0x73, 0x23, 0xc2, 0xbc, 0x1a, 0x44, 0x04, 0x3e, 
  0xfc, 0xdb, 0x19, 0x3e, 0x01, 0xbc, 0x2e, 0xbd, 0x25, 0xed, 0xc8, 0xbd, 
  0x32, 0xb4, 0xd4, 0xbd, 0x1b, 0x87, 0x55, 0x3e, 0x8a, 0xe0, 0x31, 0x3c, 
  0xd1, 0xd8, 0x6c, 0x3c, 0xb2, 0x72, 0xe6, 0x3d, 0xd8, 0x8e, 0x4f, 0x3e, 
  0xd0, 0x83, 0x4d, 0x3e, 0xf8, 0xb7, 0x97, 0x3d, 0x4a, 0xd6, 0xcb, 0x3d, 
  0xc1, 0xdd, 0xa2, 0xbd, 0x04, 0x60, 0x69, 0x3d, 0xd7, 0x90, 0xfe, 0xbd, 
  0x57, 0x36, 0x21, 0xbe, 0x94, 0x8c, 0x8f, 0xbd, 0x7b, 0x60, 0xc0, 0xbc, 
  0x26, 0x4a, 0xed, 0xbd, 0xa7, 0x6b, 0x81, 0xbc, 0x7f, 0xcf, 0x9e, 0x3d, 
  0x00, 0xc7, 0x41, 0x3d, 0x78, 0x05, 0x14, 0xbd, 0x83, 0x07, 0xc6, 0x3d, 
  0x23, 0xf3, 0x40, 0x3e, 0x46, 0x15, 0x43, 0x3d, 0xd5, 0xe7, 0xe0, 0xbc, 
  0x3d, 0x86, 0xb6, 0x3d, 0x81, 0x4b, 0xad, 0xbd, 0x03, 0x9a, 0x5f, 0xbe, 
  0xb6, 0x3e, 0x41, 0x3d, 0x7e, 0xca, 0x67, 0x3b, 0x36, 0x1e, 0xd5, 0x3d, 
  0xa5, 0xac, 0xe2, 0xbd, 0xf0, 0xf3, 0x85, 0x3b, 0x54, 0x1c, 0x80, 0xbc, 
  0x2e, 0x69, 0x15, 0x3e, 0x91, 0xb1, 0x13, 0x3e, 0xcd, 0x84, 0x11, 0x3d, 
  0xeb, 0x2e, 0x21, 0xbd, 0x92, 0x0e, 0x70, 0xbc, 0x54, 0x4d, 0x9b, 0x3e, 
  0xc6, 0x23, 0x0a, 0x3e, 0xf0, 0x0e, 0xa7, 0x3a, 0x51, 0x98, 0x78, 0x3c, 
  0x17, 0xfa, 0x2c, 0xbe, 0x42, 0x41, 0x1e, 0xbd, 0xbd, 0x44, 0x0f, 0xbe, 
  0xfd, 0xbc, 0x90, 0xbd, 0xed, 0xd0, 0x8a, 0xbe, 0x78, 0x89, 0x60, 0xbe, 
  0xbd, 0x63, 0x4b, 0xbe, 0xed, 0x95, 0xd3, 0xbd, 0xf1, 0x7f, 0xbe, 0x3d, 
  0x5f, 0x66, 0xb6, 0x3c, 0x2b, 0xa6, 0xac, 0x3d, 0xda, 0xb2, 0xfd, 0xbc, 
  0x47, 0x55, 0x18, 0x3e, 0xd6, 0xa6, 0x58, 0x3e, 0xba, 0x2b, 0x1e, 0x3c, 
  0x90, 0xec, 0x1b, 0xbe, 0xdf, 0xca, 0xd9, 0x3d, 0x2d, 0xf0, 0x88, 0xbe, 
  0x5d, 0xf2, 0xc4, 0xbd, 0x7d, 0x88, 0x9e, 0xbc, 0x8e, 0xa4, 0x4f, 0x3e, 
  0x8e, 0x76, 0x9f, 0xbd, 0x04, 0xf3, 0x88, 0xbe, 0xc0, 0xf0, 0x49, 0xbe, 
  0xfb, 0x4a, 0xa2, 0xbc, 0x84, 0xa6, 0x11, 0x3e, 0xea, 0x09, 0x7a, 0xbe, 
  0xe7, 0x75, 0x94, 0xbe, 0xbd, 0x1d, 0x16, 0xbc, 0xa3, 0x1e, 0x71, 0xbe, 
  0xc5, 0x51, 0x06, 0x3e, 0x87, 0xb7, 0x81, 0x3e, 0xaa, 0x24, 0x53, 0x3e, 
  0xab, 0xde, 0x69, 0xbe, 0x54, 0xde, 0x8e, 0x3a, 0x57, 0x22, 0x3d, 0x3e, 
  0xdd, 0x37, 0x6f, 0x3e, 0xd8, 0xc9, 0x47, 0xbe, 0x91, 0x58, 0xb4, 0x3d, 
  0xa8, 0xa8, 0x09, 0xbe, 0x0e, 0xf2, 0xeb, 0xbd, 0x27, 0xb9, 0x09, 0xbd, 
  0x0a, 0x9a, 0x38, 0xbe, 0x86, 0x41, 0x0b, 0xbe, 0x14, 0x58, 0x7a, 0x3d, 
  0x77, 0xf9, 0xfb, 0xbd, 0xcc, 0xdd, 0x33, 0x3d, 0xec, 0x00, 0x53, 0xbe, 
  0xce, 0x2b, 0x8f, 0x3d, 0x32, 0xf9, 0x90, 0x3e, 0xc1, 0x6a, 0xeb, 0x3d, 
  0xf2, 0x81, 0x54, 0x3e, 0xa7, 0x9e, 0xe4, 0x3d, 0x09, 0xd3, 0x68, 0xbe, 
  0xa9, 0xbc, 0x31, 0x3e, 0xbf, 0xb3, 0xe5, 0xbc, 0x1a, 0xfc, 0xab, 0x3d, 
  0x85, 0x32, 0xb2, 0x3d, 0x28, 0xc2, 0xde, 0x3d, 0x50, 0x01, 0xdb, 0xbd, 
  0x0b, 0x38, 0xcc, 0x3d, 0xe8, 0x6f, 0xf3, 0x3d, 0x48, 0x29, 0x41, 0x3e, 
  0xf9, 0x26, 0x3e, 0x3d, 0xc8, 0x0f, 0x82, 0xbe, 0x5b, 0x21, 0xf2, 0xbd, 
  0xb5, 0x44, 0x41, 0x3c, 0x06, 0x9c, 0x2d, 0xbe, 0x17, 0x3e, 0xf2, 0x3b, 
  0xbc, 0x59, 0x06, 0x3d, 0xeb, 0xe6, 0x36, 0xbd, 0xf4, 0x89, 0xb5, 0x3e, 
  0x5a, 0xad, 0x10, 0x3e, 0x27, 0xc0, 0xa9, 0xbd, 0xc2, 0xb4, 0x8d, 0xbd, 
  0xfe, 0x4d, 0xca, 0x3d, 0x2a, 0xdd, 0x83, 0xbd, 0x07, 0x11, 0xc3, 0x3c, 
  0x2e, 0xf6, 0xfc, 0xbd, 0xc2, 0x84, 0x5f, 0xbe, 0x8e, 0x9e, 0x14, 0xbe, 
  0x33, 0xd9, 0xc0, 0xbd, 0xf2, 0xf9, 0x80, 0xbe, 0x6a, 0x24, 0xf9, 0x3d, 
  0xfa, 0x96, 0x17, 0x3e, 0x1a, 0xca, 0xb0, 0xbc, 0x5a, 0x3a, 0x93, 0xbc, 
  0x7a, 0x2a, 0x8e, 0x3d, 0xc0, 0x67, 0x0f, 0xbe, 0xb2, 0x90, 0x8f, 0x3c, 
  0x24, 0x95, 0xac, 0xbc, 0xb6, 0xfd, 0x5a, 0x3c, 0x00, 0x99, 0x40, 0x3e, 
  0xf0, 0x7b, 0xc1, 0x3e, 0xd3, 0x27, 0xcc, 0xbd, 0x32, 0xa7, 0x18, 0xbe, 
  0xb8, 0x26, 0xef, 0x3d, 0x02, 0x5b, 0xf5, 0xbd, 0x37, 0xd9, 0x5f, 0xbe, 
  0x21, 0xb8, 0x70, 0xbe, 0xf1, 0xfd, 0xd7, 0x3d, 0x52, 0xa5, 0x0f, 0x3d, 
  0x62, 0xc5, 0x54, 0xbe, 0x25, 0xef, 0x34, 0x3d, 0xf1, 0xb7, 0x08, 0xbe, 
  0x96, 0x63, 0x4b, 0x3e, 0xee, 0x64, 0xdf, 0x3d, 0x73, 0x3c, 0xde, 0x3d, 
  0xc0, 0xe2, 0x24, 0x3d, 0xb9, 0xe4, 0x1a, 0xbe, 0xab, 0x07, 0xc8, 0xbd, 
  0x47, 0xa6, 0x1c, 0x3e, 0xee, 0x24, 0xf6, 0xbc, 0x36, 0x4f, 0xe1, 0xbd, 
  0x2d, 0x9a, 0x6c, 0x3e, 0x75, 0x55, 0x64, 0xbe, 0xb9, 0x92, 0x0a, 0xbd, 
  0xda, 0x90, 0xea, 0x3d, 0x49, 0x24, 0x05, 0xbd, 0xf8, 0x3a, 0xb1, 0xbd, 
  0x5e, 0x9a, 0xf6, 0x3d, 0x27, 0xd0, 0x7a, 0xbd, 0x3e, 0x5f, 0x5a, 0xbe, 
  0x4b, 0x3a, 0x24, 0x3e, 0x11, 0x27, 0x91, 0xbe, 0x3a, 0xdd, 0x44, 0x3d, 
  0x15, 0x90, 0x2a, 0xbe, 0xc8, 0x55, 0x2c, 0x3e, 0xb5, 0x26, 0xde, 0x3d, 
  0x69, 0x24, 0x14, 0x3d, 0x82, 0x6d, 0xf3, 0xbd, 0xba, 0xda, 0xb9, 0xbd, 
  0x66, 0x17, 0x5e, 0xbe, 0xef, 0x0c, 0x34, 0x3e, 0xa9, 0x68, 0x7c, 0x3d, 
  0x8c, 0x9f, 0x85, 0xbc, 0x73, 0xcb, 0x30, 0xbe, 0x2f, 0x26, 0xc4, 0x3d, 
  0xcc, 0xc9, 0x5d, 0xbd, 0xb4, 0xe3, 0x72, 0xbe, 0xb3, 0x87, 0x9a, 0xbc, 
  0x3f, 0xd1, 0xd0, 0xbc, 0xc0, 0x79, 0x1b, 0x3e, 0x0b, 0x24, 0x3d, 0x3e, 
  0xa4, 0x8f, 0x51, 0xbd, 0xa5, 0xe0, 0x31, 0x3c, 0x57, 0x5b, 0x28, 0x3b, 
  0x70, 0x55, 0x75, 0xbd, 0x97, 0x5f, 0x90, 0x3d, 0xbc, 0x96, 0x11, 0xbe, 
  0x20, 0x38, 0x9e, 0xbd, 0xdb, 0x15, 0x3b, 0x3e, 0x46, 0x4f, 0xa6, 0x3d, 
  0x02, 0x58, 0x94, 0x3d, 0x06, 0x47, 0xbc, 0x3d, 0xc1, 0xa9, 0x4c, 0x3d, 
  0xf0, 0x93, 0x5b, 0x3e, 0xca, 0x24, 0x24, 0x3d, 0x09, 0x06, 0x00, 0x3e, 
  0x63, 0xac, 0x45, 0x3c, 0x1a, 0xb4, 0x53, 0xbd, 0x98, 0xa2, 0x81, 0xbd, 
  0xdc, 0x55, 0xa0, 0x3b, 0x04, 0xc8, 0xc6, 0x3d, 0x3f, 0x5d, 0x73, 0xbd, 
  0x4a, 0x9f, 0xa3, 0xbd, 0xf3, 0x36, 0xe3, 0x3d, 0x25, 0x79, 0x41, 0x3e, 
  0x4f, 0x23, 0x1a, 0x3e, 0x73, 0x15, 0x9a, 0xbd, 0xd4, 0x59, 0x08, 0x3e, 
  0xd1, 0x29, 0x2a, 0xbc, 0x9a, 0x13, 0xab, 0x3d, 0x6b, 0x61, 0x54, 0x3b, 
  0x86, 0x78, 0x4b, 0xbd, 0xa1, 0xbb, 0xae, 0x3d, 0x5a, 0x2b, 0x32, 0x3d, 
  0xc9, 0x56, 0x8e, 0x3d, 0x11, 0x3b, 0x0a, 0xbd, 0x52, 0x8a, 0xb7, 0xbd, 
  0xd9, 0x88, 0xb2, 0x3c, 0x6c, 0x28, 0x58, 0xbd, 0x90, 0x7a, 0x52, 0x3d, 
  0xaa, 0xca, 0xc9, 0x3d, 0x23, 0x4f, 0x18, 0xbc, 0x66, 0x64, 0x00, 0x3d, 
  0x10, 0xb0, 0x00, 0x3d, 0x91, 0x00, 0x49, 0x3e, 0xdd, 0x83, 0x5c, 0x3d, 
  0x36, 0x8f, 0x22, 0x3e, 0xd3, 0x42, 0xdf, 0x3a, 0x35, 0xfb, 0x99, 0x3b, 
  0xd2, 0x29, 0x20, 0xbe, 0x2e, 0x71, 0xdc, 0xbd, 0xd0, 0x4f, 0xf8, 0xbd, 
  0x37, 0xdb, 0x1e, 0x3d, 0xf5, 0x97, 0x64, 0x3c, 0x9b, 0x38, 0x0e, 0xbe, 
  0x1c, 0xdb, 0x1f, 0x3e, 0x22, 0x17, 0x9f, 0xbc, 0xcb, 0x89, 0xf1, 0xbd, 
  0x98, 0x56, 0xc8, 0xbb, 0xbd, 0xb5, 0xd2, 0xbd, 0x44, 0xb0, 0x5c, 0x3e, 
  0x46, 0x09, 0x23, 0x3e, 0x2c, 0x3f, 0x90, 0xbc, 0x69, 0x31, 0xb0, 0xbd, 
  0x3a, 0xca, 0x9d, 0xbc, 0xf8, 0xbf, 0x34, 0x3d, 0x0c, 0xc5, 0x13, 0xbe, 
  0x86, 0x2a, 0xa2, 0xbc, 0x81, 0xce, 0x01, 0x3e, 0xcd, 0xa1, 0x1f, 0x3e, 
  0x15, 0xed, 0xbb, 0xbc, 0x85, 0x76, 0xa0, 0x3d, 0xb5, 0xd4, 0xcb, 0x3d, 
  0xf7, 0xa1, 0x76, 0xbd, 0x97, 0xba, 0xd6, 0x3d, 0x64, 0xea, 0x86, 0xbc, 
  0x29, 0x3c, 0xa9, 0x3d, 0xcd, 0xec, 0x00, 0x3e, 0x85, 0xcd, 0xe1, 0xbd, 
  0x18, 0x1f, 0x57, 0xbd, 0xca, 0xb0, 0x63, 0xbd, 0x70, 0x9c, 0xd1, 0x3d, 
  0x0e, 0x52, 0xd5, 0xbd, 0xe9, 0x7a, 0x3c, 0xbd, 0xde, 0xc2, 0x55, 0xbd, 
  0x1c, 0xa9, 0xf1, 0xbc, 0xd7, 0x4a, 0x18, 0x3d, 0xb6, 0x4d, 0x0e, 0x3e, 
  0x37, 0xed, 0xee, 0x3d, 0x41, 0x30, 0x6d, 0x3e, 0x75, 0xe1, 0x48, 0x3d, 
  0x51, 0xe4, 0x97, 0x3d, 0xfb, 0x0e, 0x93, 0x3d, 0x50, 0xb2, 0xff, 0x3d, 
  0x6c, 0x07, 0x1f, 0x3e, 0x45, 0xdf, 0x7a, 0xb9, 0x49, 0xea, 0x2c, 0x3c, 
  0xa9, 0xa7, 0x30, 0x3d, 0xa8, 0x0d, 0x29, 0x3d, 0xe4, 0x58, 0x2f, 0xbe, 
  0x74, 0x7f, 0xc7, 0x3b, 0x98, 0x15, 0x82, 0x3d, 0x96, 0x94, 0x88, 0xbc, 
  0xcf, 0xc5, 0x21, 0x3e, 0x9f, 0x86, 0x34, 0x3d, 0x8f, 0xee, 0xb6, 0x3c, 
  0x0a, 0x6b, 0x40, 0xbd, 0x49, 0x42, 0x7b, 0xbd, 0x8c, 0x88, 0xb6, 0x3d, 
  0x1d, 0x93, 0xcf, 0x3c, 0x4d, 0x18, 0x43, 0x3e, 0x50, 0x5e, 0x81, 0x3d, 
  0x4a, 0x3f, 0x74, 0x3e, 0xe5, 0x32, 0xc6, 0xbd, 0x2f, 0x79, 0xaf, 0x3c, 
  0x77, 0xad, 0x1b, 0xbd, 0xb7, 0xcc, 0x02, 0xbe, 0x6e, 0x4a, 0x03, 0x3e, 
  0x05, 0x4d, 0xb1, 0x3d, 0xf2, 0x77, 0xee, 0xbb, 0xc2, 0x78, 0x91, 0x3e, 
  0x6c, 0x13, 0xf3, 0x3d, 0xd2, 0xfa, 0x0f, 0xbd, 0x3a, 0x0f, 0xc4, 0xbd, 
  0xae, 0x2d, 0x50, 0xbd, 0xa5, 0x56, 0x93, 0x3d, 0x37, 0x72, 0x85, 0x3e, 
  0x4f, 0x4c, 0x45, 0xbe, 0xc3, 0x49, 0x11, 0xbe, 0x6e, 0x5a, 0xcb, 0xbc, 
  0x5b, 0x0c, 0xd2, 0x3d, 0x97, 0xdc, 0x31, 0xbc, 0x1a, 0x7b, 0x94, 0x3c, 
  0xf0, 0xbf, 0x3f, 0x3e, 0xe4, 0xd7, 0xe1, 0xbd, 0xf5, 0x7a, 0x93, 0x3d, 
  0xf2, 0xb9, 0x87, 0xbd, 0x4e, 0x20, 0x03, 0x3e, 0x41, 0x50, 0x6b, 0x3e, 
  0x9b, 0xde, 0x66, 0xbd, 0x73, 0x01, 0x53, 0xbc, 0x35, 0xd3, 0x04, 0xbc, 
  0x75, 0x49, 0x54, 0x3e, 0x5e, 0x98, 0x9d, 0x3d, 0x45, 0xcd, 0x09, 0x3e, 
  0x0c, 0x7f, 0x6b, 0xbe, 0x8a, 0x5f, 0xde, 0x3d, 0x59, 0x2f, 0x07, 0xbe, 
  0x3e, 0x98, 0xb0, 0xbd, 0x55, 0x0d, 0x91, 0x3d, 0x8f, 0x38, 0x98, 0x3d, 
  0x92, 0x5a, 0x03, 0x3e, 0x11, 0x54, 0x4d, 0xbd, 0xcf, 0x70, 0x37, 0x3e, 
  0x16, 0xbe, 0x05, 0x3e, 0xcb, 0x7e, 0xaa, 0x3d, 0xfd, 0x45, 0x2d, 0x3e, 
  0x61, 0x6e, 0xc1, 0xbc, 0x2e, 0x60, 0xc5, 0x3d, 0x65, 0x8b, 0x38, 0xbd, 
  0x8c, 0x74, 0x9d, 0xbc, 0x41, 0xc4, 0xa5, 0xbd, 0x61, 0xcc, 0xa7, 0x3d, 
  0x90, 0x5a, 0x1b, 0x3d, 0xfc, 0x82, 0xed, 0x3b, 0x70, 0xae, 0xeb, 0xbc, 
  0x44, 0x31, 0x80, 0x3d, 0x28, 0x62, 0xd5, 0x3d, 0x82, 0x1d, 0x11, 0xbb, 
  0x67, 0xfc, 0x89, 0x3d, 0xb6, 0xb4, 0x40, 0x3d, 0x63, 0x70, 0xcc, 0x3d, 
  0xd0, 0xe8, 0x8f, 0xbd, 0x76, 0xfe, 0x01, 0x3e, 0x51, 0xf4, 0xf5, 0x3c, 
  0xaa, 0x6c, 0x28, 0xbd, 0xfe, 0x96, 0x81, 0x3d, 0xdc, 0xe2, 0x9b, 0xbd, 
  0x2a, 0xc2, 0xa2, 0x3c, 0xfc, 0x12, 0x82, 0xbd, 0x0a, 0x63, 0x86, 0xbd, 
  0x28, 0x6e, 0xe4, 0x3d, 0x3c, 0x09, 0x2a, 0x3d, 0xba, 0x93, 0x4d, 0x3d, 
  0x44, 0xf6, 0x29, 0x3d, 0xf9, 0xc0, 0x11, 0x3e, 0xf6, 0x75, 0xef, 0x3d, 
  0x7a, 0x6a, 0xa0, 0xbd, 0x03, 0x23, 0x18, 0x3e, 0x24, 0x91, 0xde, 0x3d, 
  0x8c, 0xc3, 0xdd, 0x3c, 0x40, 0x1b, 0xfa, 0x3d, 0x96, 0x60, 0xbf, 0x3d, 
  0x57, 0xc4, 0xcf, 0xbd, 0x55, 0x2e, 0xee, 0xbc, 0xe4, 0x07, 0x8a, 0x3d, 
  0x72, 0x77, 0x4e, 0xbe, 0x93, 0x5e, 0x89, 0x3d, 0x90, 0x7e, 0xbe, 0x3d, 
  0x89, 0x29, 0x86, 0xbd, 0xcd, 0x5a, 0x6e, 0x3d, 0x3c, 0xef, 0x12, 0x3e, 
  0x48, 0x95, 0x2a, 0x3d, 0xa4, 0xb8, 0x76, 0xbe, 0x5d, 0x41, 0x98, 0xbd, 
  0x5b, 0x4b, 0x60, 0xbd, 0xad, 0xb2, 0x03, 0x3e, 0xad, 0xf8, 0x0b, 0x3e, 
  0xbe, 0xbf, 0xef, 0x3d, 0xdc, 0xb6, 0xb2, 0x3d, 0x2a, 0x05, 0x17, 0x3c, 
  0xaa, 0x26, 0xcc, 0xbd, 0x88, 0x00, 0x46, 0xbd, 0x58, 0xe0, 0xf3, 0xbc, 
  0x8e, 0x09, 0x44, 0x3e, 0xe4, 0x5b, 0xfc, 0xbd, 0x65, 0x6d, 0x26, 0xbd, 
  0x8d, 0xbf, 0x4a, 0xbe, 0x3a, 0x3a, 0xa4, 0xbd, 0xf3, 0x93, 0x29, 0xbe, 
  0xc3, 0x74, 0xee, 0x3d, 0x95, 0xca, 0x49, 0x3d, 0x89, 0x18, 0x3a, 0xbe, 
  0x68, 0x03, 0x3b, 0xbd, 0xf2, 0xca, 0x13, 0x3e, 0x9d, 0x61, 0x5d, 0xbd, 
  0x1f, 0xd5, 0x00, 0xbd, 0x8d, 0x09, 0x3b, 0x3d, 0x97, 0x3e, 0xd3, 0xbd, 
  0x38, 0x01, 0x9b, 0x3d, 0x9b, 0xcc, 0x20, 0x3e, 0x73, 0xa9, 0x3f, 0xbe, 
  0xeb, 0x19, 0xe6, 0xbd, 0x48, 0xda, 0xc6, 0xbd, 0xd0, 0xd9, 0x2a, 0xbe, 
  0x33, 0x5b, 0xee, 0xbc, 0x26, 0xf9, 0xf1, 0xbd, 0xf5, 0x7d, 0xe6, 0xbd, 
  0x79, 0x4b, 0x39, 0xbd, 0xe4, 0xe7, 0xb2, 0xbd, 0x8b, 0x52, 0x72, 0x3e, 
  0x5f, 0xbb, 0x7d, 0x3e, 0xce, 0x0e, 0x93, 0x3d, 0xa6, 0x5b, 0x46, 0x3e, 
  0x9e, 0x6a, 0xb1, 0x3d, 0x62, 0x23, 0x4e, 0x3d, 0x58, 0x69, 0x6b, 0x3e, 
  0xea, 0x62, 0x80, 0xbe, 0x6f, 0x7c, 0x3f, 0xbe, 0xe0, 0xfd, 0x43, 0xbe, 
  0x37, 0x0a, 0x27, 0x3e, 0x4d, 0x09, 0x49, 0xbe, 0x6a, 0xc2, 0x06, 0xbe, 
  0xa5, 0xa0, 0x0f, 0x3e, 0x6b, 0x97, 0xb8, 0x3d, 0xff, 0xda, 0xd9, 0xbd, 
  0x70, 0x02, 0x69, 0xbe, 0x4d, 0x41, 0xf9, 0xbc, 0xf6, 0xb3, 0xb0, 0xbd, 
  0xb3, 0x03, 0xc1, 0x3d, 0x11, 0x07, 0xfd, 0x3d, 0x3b, 0x12, 0xaa, 0x3d, 
  0x47, 0x11, 0x6b, 0x3d, 0xd3, 0x1e, 0xd1, 0xbd, 0x73, 0x54, 0x0e, 0xbe, 
  0xe7, 0x8d, 0x49, 0x3c, 0x9d, 0xfd, 0xff, 0x3d, 0xef, 0xd2, 0x2d, 0x3e, 
  0xa9, 0xab, 0x0a, 0xbe, 0x59, 0x71, 0x50, 0xbe, 0x14, 0x0c, 0x1f, 0xbd, 
  0xab, 0x33, 0xcd, 0xbd, 0xee, 0xff, 0x14, 0x3e, 0xa5, 0x2a, 0x04, 0x3c, 
  0xe6, 0xba, 0x57, 0x3e, 0xa9, 0x23, 0x6c, 0x3e, 0x0b, 0x58, 0x92, 0x3d, 
  0x21, 0xe4, 0x82, 0xbd, 0x10, 0x7e, 0x6c, 0xbe, 0x22, 0xcf, 0x25, 0xbe, 
  0x97, 0x52, 0x39, 0xbe, 0xa1, 0xdc, 0x4a, 0x3d, 0x2a, 0x53, 0x0b, 0xbd, 
  0x69, 0x2a, 0x59, 0x3e, 0x61, 0xa3, 0x31, 0xbe, 0xd6, 0x59, 0x0c, 0xbe, 
  0x71, 0x56, 0xd2, 0xbd, 0x96, 0x9c, 0x36, 0x3e, 0x9c, 0xb1, 0x4b, 0xbe, 
  0x2c, 0x3c, 0x36, 0xbe, 0x6c, 0x04, 0x38, 0x3e, 0xb8, 0x2a, 0x51, 0x3d, 
  0x02, 0x39, 0x16, 0x3d, 0xa8, 0x68, 0xaf, 0xbd, 0x4b, 0xfd, 0x01, 0x3e, 
  0x86, 0xc4, 0x50, 0xbe, 0xad, 0xfd, 0x39, 0xbd, 0xcf, 0x08, 0x3f, 0x3e, 
  0xf8, 0xf2, 0x0e, 0x3e, 0x81, 0x00, 0xb4, 0xbd, 0x4d, 0xe3, 0x14, 0xbe, 
  0x63, 0x2f, 0x0b, 0xbe, 0xe5, 0x4f, 0x31, 0x3c, 0x81, 0x31, 0xca, 0x3d, 
  0x92, 0xa1, 0xd8, 0x3a, 0xff, 0xbd, 0x51, 0x3d, 0x25, 0x90, 0x62, 0x3e, 
  0x1c, 0x8d, 0x08, 0xbc, 0x8d, 0x94, 0xfe, 0xbd, 0xdc, 0x73, 0xa8, 0xba, 
  0xca, 0x60, 0xbd, 0xbd, 0xf8, 0xd3, 0x36, 0xbd, 0xb1, 0xc8, 0x50, 0xbe, 
  0x0f, 0xa0, 0x7f, 0x3c, 0xdb, 0x54, 0x84, 0x3d, 0xa5, 0xa3, 0xc7, 0x3d, 
  0x6f, 0x36, 0x4c, 0xbe, 0xc8, 0x92, 0x31, 0xbe, 0x79, 0x0f, 0x85, 0x3c, 
  0xce, 0x26, 0x34, 0xbd, 0x43, 0x7e, 0x35, 0xbe, 0x86, 0x64, 0x72, 0xbd, 
  0xa4, 0x4a, 0xf7, 0x3d, 0x05, 0xea, 0x17, 0xbe, 0xc2, 0x05, 0x8e, 0x3d, 
  0x33, 0x07, 0x52, 0x3e, 0xcc, 0xe7, 0x68, 0xbd, 0xa8, 0x0d, 0x9d, 0xbd, 
  0x1d, 0x49, 0x6e, 0xbe, 0x2b, 0x9d, 0x07, 0x3e, 0xf2, 0x6c, 0x10, 0xbd, 
  0xe7, 0x4f, 0x4b, 0xbe, 0x0d, 0x24, 0x91, 0xbd, 0x83, 0x47, 0xf7, 0xbd, 
  0x09, 0x9f, 0x39, 0xbe, 0x6f, 0xd4, 0x49, 0x3e, 0xaa, 0xe1, 0xe7, 0x3d, 
  0x77, 0x45, 0x53, 0x3b, 0xc6, 0xbd, 0xc0, 0xbd, 0xdd, 0x11, 0xf8, 0x3d, 
  0xc4, 0x9f, 0x42, 0xbe, 0x2f, 0x52, 0x9c, 0x3d, 0xc3, 0x72, 0x10, 0xbe, 
  0x82, 0x6e, 0x7b, 0x3d, 0xdf, 0x70, 0x36, 0xbd, 0x72, 0x4a, 0x8b, 0xbe, 
  0xb1, 0x53, 0x08, 0xbe, 0x5c, 0xd4, 0x1f, 0xbe, 0x25, 0x5b, 0x9b, 0xbd, 
  0x84, 0xc7, 0xef, 0x3d, 0xd6, 0x1f, 0x74, 0xbe, 0xa9, 0xc3, 0xf6, 0xbd, 
  0xfd, 0x75, 0xfe, 0xbd, 0xb3, 0xd0, 0xfb, 0xbd, 0xe3, 0xb8, 0xaa, 0xbc, 
  0x67, 0xb0, 0x06, 0x3e, 0xe9, 0x0f, 0xf1, 0x3d, 0x30, 0x82, 0x1b, 0xbd, 
  0x14, 0x50, 0x31, 0x3e, 0x41, 0x5f, 0x1d, 0x3e, 0x42, 0x12, 0xbf, 0xbd, 
  0xd8, 0x9f, 0x02, 0xbd, 0xca, 0xdc, 0xbd, 0xbb, 0xe2, 0xd8, 0x19, 0x3e, 
  0x02, 0xd7, 0x0e, 0x3e, 0x3c, 0x39, 0xa7, 0xbd, 0x07, 0xb5, 0x7c, 0xbe, 
  0xc4, 0x1f, 0x3e, 0xbe, 0xe1, 0x47, 0x96, 0xbc, 0x3f, 0x7f, 0xfc, 0xbd, 
  0x1b, 0xbb, 0x0e, 0xbe, 0x69, 0xef, 0x90, 0x3d, 0x08, 0x86, 0x9b, 0x3d, 
  0xa1, 0x29, 0xe2, 0x3d, 0x61, 0xbb, 0xc4, 0xbd, 0x36, 0xc9, 0x12, 0x3e, 
  0x47, 0x8f, 0x7a, 0xbe, 0xff, 0x36, 0x68, 0xbe, 0xac, 0xb1, 0x47, 0xbe, 
  0x7f, 0x09, 0x41, 0x3e, 0xc5, 0xf3, 0xd6, 0xbd, 0x77, 0xae, 0x70, 0xbe, 
  0x9e, 0x1e, 0x8c, 0xbd, 0xc0, 0xca, 0x97, 0x3d, 0x8a, 0x7a, 0x3a, 0xbe, 
  0xfd, 0xad, 0x2c, 0xbc, 0x72, 0x91, 0xe7, 0xbd, 0xdb, 0xed, 0xde, 0xbd, 
  0xf9, 0xf5, 0x33, 0x3e, 0xba, 0x26, 0x8a, 0x3c, 0xf6, 0xd1, 0x86, 0x3e, 
  0xf4, 0x65, 0x8d, 0xbe, 0xb8, 0x92, 0x9c, 0xbb, 0xe7, 0x3d, 0x04, 0xbe, 
  0xc8, 0x7c, 0x04, 0xbd, 0x9a, 0x18, 0x12, 0xbe, 0xdd, 0x4b, 0x88, 0x3d, 
  0x40, 0x43, 0x01, 0xbe, 0x8d, 0x51, 0x70, 0xbe, 0x11, 0xb8, 0x92, 0xbe, 
  0x3d, 0x89, 0x86, 0xbd, 0xd8, 0x03, 0xcf, 0xbd, 0x3b, 0xa4, 0x31, 0x3d, 
  0x93, 0x76, 0x51, 0x3d, 0x1b, 0x91, 0x00, 0x3e, 0x5b, 0xbd, 0x82, 0xbe, 
  0x3d, 0x9d, 0xb5, 0x3d, 0x29, 0x38, 0x48, 0xbe, 0xeb, 0xb8, 0x13, 0x3d, 
  0xcd, 0x44, 0x1f, 0x3d, 0x5c, 0x03, 0xc5, 0xbd, 0x71, 0xfd, 0x88, 0x3e, 
  0x85, 0x83, 0x67, 0xbb, 0xae, 0xdb, 0xc3, 0xbd, 0x56, 0x03, 0x99, 0xbd, 
  0x64, 0x2f, 0x10, 0xbd, 0x83, 0x31, 0x0c, 0x3e, 0xb7, 0x2a, 0x16, 0x3e, 
  0x48, 0x50, 0xfe, 0xbd, 0x6a, 0x36, 0x2c, 0x3e, 0x0a, 0x79, 0xfa, 0x3d, 
  0xd1, 0x83, 0x31, 0xbd, 0xfc, 0x4e, 0x48, 0x3e, 0x98, 0x53, 0xa0, 0xbd, 
  0x7c, 0x54, 0x94, 0xbd, 0xa6, 0xfd, 0x8f, 0xbe, 0x6e, 0x24, 0x2f, 0x3d, 
  0x94, 0x71, 0x85, 0x3e, 0x1a, 0x74, 0x0c, 0x3e, 0xa4, 0x7a, 0xc7, 0xbd, 
  0x76, 0xf1, 0x20, 0xbd, 0x12, 0x9e, 0x44, 0x3d, 0x39, 0x7a, 0x72, 0xbd, 
  0xfd, 0x9c, 0xc0, 0xbd, 0xc0, 0xfb, 0x61, 0x3d, 0xbc, 0x0e, 0xf6, 0x3d, 
  0xe2, 0x31, 0x8d, 0x3d, 0x65, 0xe1, 0x5c, 0xbe, 0x42, 0x5d, 0x07, 0x3e, 
  0x47, 0xd2, 0x37, 0xbe, 0x0f, 0xd1, 0x09, 0x3e, 0x4b, 0xf9, 0xf2, 0x3d, 
  0x50, 0x98, 0x30, 0x3e, 0xc8, 0x9d, 0x32, 0xbe, 0x7d, 0xd5, 0x3e, 0xbd, 
  0xaf, 0xee, 0xed, 0xbd, 0x74, 0xb2, 0xa4, 0x3e, 0xca, 0xc4, 0x4c, 0xbe, 
  0x3b, 0x51, 0x5d, 0xbd, 0xfc, 0x6a, 0x9f, 0x3d, 0xfc, 0xfa, 0x8f, 0xbd, 
  0xbc, 0x57, 0xf6, 0x3d, 0x59, 0xf7, 0x5f, 0xbd, 0xb7, 0x7b, 0x00, 0x3e, 
  0x96, 0xde, 0xaf, 0xbd, 0x2c, 0xc9, 0x81, 0xbe, 0xf3, 0x91, 0x07, 0x3e, 
  0x52, 0x86, 0x2b, 0x3e, 0x2d, 0x4c, 0x1b, 0x3e, 0xa1, 0x5a, 0x05, 0x3e, 
  0x41, 0xaf, 0xbb, 0xbc, 0xf9, 0xd3, 0xb9, 0xbd, 0x8c, 0xe9, 0x7c, 0x3d, 
  0x91, 0x5b, 0x33, 0xbe, 0x6a, 0x4e, 0x13, 0xbe, 0x40, 0x1b, 0x2d, 0xbe, 
  0x59, 0xc2, 0x41, 0x3d, 0xb9, 0x96, 0x9a, 0x3d, 0xcc, 0xca, 0x4e, 0xbd, 
  0x33, 0x17, 0x29, 0xbd, 0xb8, 0xe4, 0x42, 0x3d, 0xcc, 0xc0, 0x1a, 0x3e, 
  0x61, 0x5e, 0xa0, 0x3d, 0x3b, 0x9d, 0x80, 0xbc, 0xc9, 0x67, 0x57, 0xbe, 
  0x83, 0x84, 0x6c, 0x3d, 0x30, 0x27, 0xb5, 0xbd, 0x95, 0xee, 0xef, 0xbc, 
  0x12, 0x1d, 0x8e, 0xbd, 0x4c, 0xeb, 0xd4, 0xbd, 0x6f, 0xe7, 0xfe, 0xbd, 
  0x7d, 0xc1, 0x09, 0xbe, 0x84, 0x21, 0xbd, 0xbd, 0x58, 0x6c, 0xda, 0x3c, 
  0xe4, 0x73, 0x86, 0xbd, 0x7d, 0x7e, 0x27, 0x3e, 0x60, 0x65, 0xb9, 0xbd, 
  0xcc, 0x8d, 0x0d, 0x3e, 0x81, 0x00, 0x86, 0x3d, 0x96, 0x48, 0x80, 0x3d, 
  0x35, 0x62, 0x46, 0x3c, 0x5b, 0x76, 0x19, 0x3d, 0xde, 0x0b, 0xbe, 0x3d, 
  0x8c, 0x3a, 0xbf, 0x3d, 0xfc, 0x08, 0x0b, 0x3d, 0xc2, 0x84, 0x45, 0xbd, 
  0xb6, 0xd2, 0x0d, 0x3e, 0xaf, 0x19, 0xe1, 0xbb, 0xef, 0xa3, 0xd2, 0x3d, 
  0x0c, 0xce, 0x4e, 0xbb, 0x86, 0x11, 0x79, 0xbd, 0x8f, 0xed, 0x98, 0xbd, 
  0xca, 0x7d, 0xab, 0x3d, 0x04, 0x8a, 0x54, 0xbd, 0xff, 0xde, 0x91, 0x3d, 
  0x5c, 0x90, 0xad, 0xbc, 0x96, 0xbf, 0xb8, 0x3d, 0x9a, 0x0f, 0x13, 0x3e, 
  0xce, 0x05, 0x59, 0xbd, 0x39, 0x2c, 0x4d, 0x3e, 0x39, 0xff, 0x0c, 0x3e, 
  0x42, 0x17, 0x47, 0xbc, 0x96, 0x2c, 0xbd, 0x3d, 0x7f, 0x42, 0x1a, 0xbc, 
  0xb6, 0x62, 0x55, 0xbd, 0x8a, 0xf5, 0xbd, 0xbd, 0xdc, 0x69, 0xd3, 0x3d, 
  0xf8, 0xe2, 0x04, 0x3e, 0x84, 0xe5, 0xb9, 0xbd, 0x8c, 0x7b, 0x7d, 0xbd, 
  0x67, 0x43, 0x3e, 0x3d, 0x01, 0x19, 0xa0, 0xbc, 0x7b, 0x76, 0xc2, 0x3d, 
  0xb5, 0x46, 0x87, 0xbc, 0x09, 0xe4, 0x1b, 0x3e, 0x24, 0xa9, 0xc5, 0x3d, 
  0x7c, 0xd3, 0xc7, 0x3c, 0x25, 0xea, 0x96, 0x3d, 0x84, 0xc3, 0x86, 0x3d, 
  0x5d, 0x70, 0x82, 0x3c, 0x3b, 0x7c, 0x1c, 0xbd, 0x36, 0x3c, 0x10, 0xbb, 
  0x61, 0xca, 0x2e, 0xbe, 0xb5, 0xf9, 0x6d, 0xbd, 0x17, 0xe8, 0x29, 0xbd, 
  0xfb, 0xd9, 0x20, 0x3e, 0x4d, 0xb4, 0x6d, 0xbe, 0x11, 0xb7, 0xb2, 0x3d, 
  0xef, 0x12, 0x30, 0xbe, 0x88, 0xab, 0xb4, 0x3a, 0x88, 0x56, 0xd1, 0xbd, 
  0x02, 0xcc, 0xcb, 0x3d, 0x75, 0xa3, 0x86, 0xbe, 0xe5, 0xc7, 0xa5, 0x3d, 
  0xc6, 0x13, 0x25, 0xbd, 0xf6, 0xe1, 0xea, 0xbd, 0x32, 0x87, 0x5d, 0xbe, 
  0x6e, 0x4a, 0xc2, 0xbc, 0x67, 0x59, 0x0f, 0xbe, 0xae, 0x3b, 0x25, 0xbe, 
  0x32, 0x9e, 0x82, 0x3e, 0xca, 0x18, 0xbc, 0xbd, 0xcd, 0xcc, 0x11, 0xbe, 
  0xd9, 0xac, 0xdc, 0xbd, 0x10, 0x7c, 0x6a, 0x3e, 0x71, 0xf5, 0x5a, 0x3e, 
  0xe7, 0x66, 0x17, 0xbd, 0x54, 0x81, 0x40, 0xbd, 0x73, 0x2f, 0xd0, 0xbd, 
  0xe5, 0xc2, 0x15, 0x3e, 0x9b, 0x46, 0xff, 0xbd, 0x55, 0x49, 0x35, 0xbe, 
  0xe0, 0xe6, 0xa7, 0x3e, 0xec, 0xa6, 0x64, 0xbd, 0x8a, 0xeb, 0x6a, 0xbe, 
  0xe5, 0x40, 0x08, 0x3e, 0x44, 0x74, 0x8c, 0x3e, 0xa6, 0x56, 0x76, 0xbe, 
  0x96, 0xa1, 0x2a, 0xbe, 0xdc, 0x9d, 0x40, 0x3d, 0x48, 0xd2, 0x4b, 0x3d, 
  0x07, 0xa0, 0x38, 0x3e, 0x91, 0x3a, 0xfa, 0x3d, 0xae, 0xb2, 0x70, 0xbc, 
  0x93, 0x05, 0x59, 0xbe, 0xd8, 0x6c, 0x89, 0xbe, 0x9a, 0xe9, 0x88, 0xbd, 
  0x76, 0x5b, 0x1a, 0xbd, 0x43, 0xeb, 0x39, 0xbe, 0x48, 0x26, 0x92, 0x3c, 
  0xf3, 0xf9, 0x59, 0xbe, 0x7a, 0x91, 0x76, 0x3c, 0x3d, 0x32, 0x21, 0x3e, 
  0x04, 0x7a, 0x0a, 0x3d, 0x35, 0x9c, 0x83, 0xbe, 0x28, 0xd1, 0x8c, 0xbd, 
  0x4d, 0xc2, 0xab, 0x3d, 0xe4, 0x30, 0x71, 0x3e, 0x9c, 0x2c, 0xea, 0xbc, 
  0x12, 0x8b, 0x69, 0xbe, 0xa0, 0xa6, 0x1d, 0xbe, 0x22, 0xe4, 0x90, 0xbe, 
  0x76, 0xcb, 0x84, 0xbe, 0x42, 0xee, 0x0a, 0xbe, 0x9b, 0xe1, 0x3b, 0xbe, 
  0xca, 0x37, 0x25, 0xbe, 0x48, 0x73, 0x7f, 0x3e, 0xd0, 0x3d, 0x42, 0x3e, 
  0x10, 0x16, 0x89, 0x3e, 0x98, 0xf2, 0x10, 0xbe, 0x38, 0xaf, 0x41, 0x3e, 
  0xd8, 0xbf, 0x57, 0xbe, 0x2d, 0xed, 0x8d, 0xbe, 0x6e, 0xe1, 0xc8, 0xbc, 
  0xab, 0x22, 0x2a, 0x3e, 0x4a, 0xda, 0x00, 0x3d, 0x01, 0xf0, 0x5e, 0xbe, 
  0x0a, 0xb0, 0x6c, 0xbb, 0x91, 0x28, 0x24, 0x3e, 0x01, 0x53, 0x24, 0xbe, 
  0x13, 0xdf, 0x78, 0x3d, 0xc8, 0x39, 0x55, 0xbe, 0xe1, 0x80, 0x54, 0x3e, 
  0xe0, 0x3c, 0x2d, 0xbb, 0x43, 0x0a, 0x26, 0x3e, 0xef, 0x79, 0x02, 0xbd, 
  0x3a, 0xd7, 0xa4, 0xbe, 0xad, 0x69, 0x8e, 0xbe, 0x35, 0x8e, 0xd3, 0xbd, 
  0x52, 0xa7, 0x6f, 0x3e, 0x80, 0x89, 0x71, 0xbe, 0x98, 0x32, 0x68, 0x3d, 
  0x74, 0x8c, 0x3f, 0xbe, 0xe2, 0x08, 0x0d, 0x3e, 0xe0, 0x7e, 0x0b, 0xbe, 
  0x9d, 0x89, 0x03, 0x3d, 0x38, 0xa7, 0x44, 0xbe, 0xb0, 0x0b, 0x28, 0xbd, 
  0x09, 0x24, 0xea, 0xbb, 0x9b, 0x0a, 0x5b, 0xbc, 0xde, 0xc1, 0x83, 0xbd, 
  0x2d, 0x1c, 0x08, 0x3e, 0x31, 0x1d, 0x96, 0x3b, 0xd2, 0x9d, 0xde, 0x3d, 
  0x13, 0x95, 0xcb, 0x3d, 0x5a, 0x27, 0x7a, 0xbb, 0xe4, 0x5d, 0x24, 0x3e, 
  0xe7, 0x78, 0xa1, 0x3d, 0x81, 0x4c, 0x21, 0x3e, 0x70, 0x74, 0x10, 0x3d, 
  0x36, 0x89, 0x81, 0x3c, 0xb3, 0x52, 0xb8, 0x3d, 0xc9, 0xa9, 0xae, 0xbd, 
  0x52, 0xa2, 0x75, 0xbb, 0xf3, 0x70, 0x3d, 0x3d, 0x82, 0x5c, 0x1a, 0x3d, 
  0xfa, 0x47, 0xc6, 0x3d, 0xee, 0x98, 0x60, 0xbd, 0x31, 0x6a, 0x18, 0x3d, 
  0xea, 0x4e, 0xac, 0xbc, 0xb0, 0x39, 0xfb, 0x3d, 0xcb, 0x16, 0x11, 0x3e, 
  0xa2, 0x05, 0x01, 0x3e, 0x46, 0xfa, 0xa7, 0x3c, 0x39, 0x4b, 0x1c, 0x3e, 
  0x34, 0x2b, 0x0a, 0x3e, 0x60, 0x2e, 0x90, 0xbd, 0x70, 0x7d, 0xf4, 0x3c, 
  0x0a, 0x0a, 0x0e, 0x3d, 0xf7, 0x9e, 0xb7, 0x3d, 0x24, 0xc1, 0x63, 0x3c, 
  0x4c, 0x9d, 0x95, 0xbc, 0xb0, 0xc2, 0x83, 0x3d, 0x43, 0x1f, 0xe1, 0x3d, 
  0xcf, 0xc8, 0x91, 0x3b, 0xea, 0xa8, 0x25, 0x3e, 0xf3, 0x9d, 0xb9, 0x3d, 
  0xfe, 0x63, 0x53, 0xbd, 0x50, 0x60, 0xe0, 0x3d, 0xfa, 0xea, 0x49, 0x3d, 
  0x43, 0x9e, 0xbc, 0x3c, 0x1b, 0x9f, 0xa9, 0x3d, 0x99, 0x5c, 0xc8, 0x3d, 
  0x5a, 0x52, 0x6b, 0xbd, 0x60, 0xd3, 0x2d, 0xbd, 0xbb, 0x64, 0x08, 0x3d, 
  0xaa, 0xc8, 0x0a, 0xbe, 0xa6, 0xb3, 0x52, 0x3d, 0xa5, 0x92, 0xb3, 0xbd, 
  0x9e, 0x68, 0x69, 0xbd, 0xf3, 0x52, 0x1a, 0x3c, 0x67, 0x06, 0x4a, 0x3e, 
  0xad, 0x67, 0xef, 0xbd, 0x92, 0xfc, 0x4a, 0x3e, 0x62, 0xf3, 0x5d, 0x3e, 
  0x07, 0xee, 0xc9, 0x3d, 0xa0, 0x5d, 0x2d, 0x3e, 0x7c, 0x65, 0xfe, 0x3b, 
  0x11, 0x8b, 0x26, 0x3e, 0xe5, 0x25, 0x20, 0x3e, 0x79, 0xac, 0x81, 0x3c, 
  0x4a, 0x7b, 0x7e, 0x3d, 0x4f, 0xad, 0x10, 0x3e, 0x03, 0xb8, 0xb4, 0x3d, 
  0x65, 0xda, 0x47, 0xbc, 0x4c, 0xc8, 0x6c, 0x3e, 0x48, 0xc9, 0xb4, 0x3d, 
  0xd7, 0x96, 0x43, 0x3e, 0x64, 0xe4, 0x1c, 0xbe, 0x0b, 0xe1, 0x6c, 0x3c, 
  0x88, 0x41, 0xef, 0xbd, 0x29, 0x01, 0x9c, 0x3d, 0x33, 0x2b, 0x24, 0x3d, 
  0x39, 0xa2, 0xe1, 0x3c, 0x9b, 0x47, 0x93, 0xbd, 0xff, 0x29, 0x2a, 0xbe, 
  0xb8, 0xa1, 0x17, 0x3c, 0x79, 0xa3, 0x60, 0x3c, 0x9d, 0x1f, 0xf6, 0xbd, 
  0x1c, 0x61, 0x73, 0xbb, 0x43, 0x63, 0x21, 0x3e, 0xd0, 0x65, 0x16, 0x3e, 
  0x5f, 0xc5, 0xd0, 0xbc, 0x5b, 0x48, 0x82, 0xbd, 0x24, 0x8c, 0x0f, 0x3e, 
  0xe4, 0x30, 0x21, 0xbe, 0x36, 0x95, 0x72, 0x3e, 0x09, 0x0d, 0xc5, 0xbc, 
  0x7a, 0xf1, 0x0e, 0xbe, 0x55, 0x00, 0x2f, 0x3e, 0x21, 0xcd, 0x4d, 0x3e, 
  0x9d, 0x6b, 0x27, 0xbe, 0x00, 0xe3, 0x10, 0xbe, 0x3b, 0x4b, 0x98, 0xbd, 
  0x23, 0xe4, 0x90, 0x3d, 0x9c, 0x95, 0xb5, 0x3d, 0x06, 0xfb, 0xc5, 0x3d, 
  0x22, 0x44, 0x0b, 0xbb, 0x19, 0x3d, 0x10, 0xbe, 0xe0, 0xcc, 0x97, 0xbe, 
  0x34, 0x8b, 0xba, 0xbd, 0x67, 0xcb, 0x87, 0x3d, 0x0f, 0xde, 0x37, 0x3a, 
  0xf2, 0x8b, 0xd2, 0xbd, 0x55, 0x08, 0x89, 0xbe, 0x14, 0x5c, 0x55, 0xbe, 
  0xcf, 0x68, 0x5d, 0xbe, 0x65, 0xe4, 0x1e, 0x3d, 0x6e, 0x19, 0xf5, 0x3c, 
  0x75, 0x37, 0x8d, 0xbe, 0xbd, 0x0e, 0x5b, 0x3e, 0x39, 0xb3, 0xaa, 0x3d, 
  0xf2, 0xd2, 0xa2, 0xbd, 0xdd, 0x33, 0x57, 0x3e, 0xcb, 0xce, 0x3a, 0x3e, 
  0xe0, 0x21, 0x71, 0x3e, 0xd5, 0xd5, 0xc4, 0xbd, 0x8e, 0xa2, 0x29, 0xbe, 
  0x61, 0x57, 0x94, 0x3d, 0x33, 0xf9, 0x36, 0xbd, 0xaf, 0x7e, 0x7d, 0xbe, 
  0xbf, 0x2d, 0x51, 0xbd, 0xff, 0xfa, 0x8d, 0x3d, 0xa0, 0xf8, 0x0b, 0x3c, 
  0x96, 0x21, 0x15, 0x3e, 0x4f, 0xab, 0x30, 0x3e, 0x23, 0xc9, 0x10, 0x3e, 
  0xd8, 0x40, 0x1c, 0xbe, 0x34, 0x1d, 0x0b, 0x3e, 0x9c, 0x31, 0xf8, 0x3d, 
  0x56, 0x9c, 0x8a, 0xbc, 0xca, 0xe7, 0x53, 0xbe, 0x61, 0x14, 0xbd, 0x3d, 
  0x08, 0xe6, 0x22, 0x3e, 0xc7, 0x58, 0x30, 0xbe, 0xba, 0x1d, 0x5a, 0xbd, 
  0xb3, 0x10, 0x78, 0xbe, 0xe0, 0xa8, 0x12, 0xbe, 0x4d, 0xb3, 0x7b, 0xbd, 
  0x9f, 0xf7, 0x09, 0xbe, 0xa1, 0xb8, 0x55, 0x3e, 0x6d, 0xcd, 0x14, 0xbe, 
  0x8a, 0xb1, 0x06, 0x3e, 0x86, 0x0a, 0x54, 0x3b, 0x28, 0x1e, 0x98, 0x3d, 
  0xcd, 0x8f, 0xca, 0xbd, 0xc9, 0x8a, 0xad, 0xbd, 0x44, 0x35, 0xd8, 0xbd, 
  0x5c, 0x3d, 0x05, 0xbe, 0x3d, 0xe0, 0xf0, 0xbd, 0x4b, 0xeb, 0x88, 0x3d, 
  0x3f, 0x3f, 0xff, 0x3d, 0x43, 0xa4, 0x64, 0x3d, 0x93, 0x34, 0x2f, 0x3e, 
  0x60, 0xe1, 0x60, 0xbe, 0x01, 0x2a, 0x23, 0x3e, 0x44, 0xff, 0x2f, 0x3e, 
  0x35, 0x13, 0x2b, 0x3e, 0x47, 0x6e, 0xad, 0x3d, 0x1e, 0x23, 0x5f, 0x3d, 
  0x18, 0x75, 0xe1, 0x3d, 0xaf, 0x53, 0xac, 0xbd, 0x62, 0x9a, 0x0a, 0xbc, 
  0x7e, 0xdc, 0xf8, 0x3d, 0x66, 0xae, 0x5e, 0x3e, 0x90, 0x0e, 0xd8, 0xbd, 
  0x27, 0x84, 0xb9, 0xbd, 0x30, 0x82, 0x97, 0xbd, 0xa2, 0x90, 0x73, 0xbe, 
  0xfb, 0x46, 0x2f, 0xbd, 0xa5, 0x18, 0x78, 0xbe, 0x50, 0xad, 0x68, 0x3d, 
  0x67, 0xc7, 0xc3, 0x3d, 0x5e, 0xd0, 0x2b, 0xbe, 0x18, 0x3c, 0x9a, 0x3d, 
  0xfb, 0xce, 0xec, 0xbd, 0x87, 0xcc, 0x2c, 0x3e, 0x85, 0xff, 0x19, 0xbe, 
  0xca, 0x3e, 0x31, 0xbe, 0xd4, 0x69, 0x46, 0xbe, 0x18, 0x9b, 0x6e, 0x3d, 
  0xe1, 0x02, 0x3a, 0xbe, 0x21, 0x6a, 0xe8, 0xbd, 0xe6, 0x80, 0xe8, 0xbd, 
  0x7e, 0xf8, 0x81, 0xbc, 0xe2, 0x3b, 0x40, 0x3e, 0x57, 0x8b, 0xe9, 0x3d, 
  0x16, 0x7d, 0xd6, 0xbd, 0xbf, 0xf4, 0xfa, 0xbd, 0xc1, 0xd1, 0x24, 0x3e, 
  0xa1, 0xe6, 0xf4, 0x3d, 0xa7, 0x38, 0x04, 0x3e, 0x55, 0x5f, 0x07, 0x3e, 
  0x92, 0x1f, 0x35, 0xbe, 0xc8, 0x16, 0x10, 0xbd, 0x24, 0xab, 0xb8, 0xbd, 
  0x3a, 0x21, 0x78, 0x3d, 0x19, 0x71, 0x31, 0xbe, 0x88, 0x62, 0xdd, 0xbd, 
  0x03, 0x6a, 0x1d, 0xbe, 0x68, 0xba, 0x41, 0xbe, 0xa9, 0x35, 0x40, 0xbd, 
  0x0a, 0x93, 0x38, 0xbe, 0x25, 0x49, 0x2d, 0x3e, 0xa9, 0x83, 0x76, 0xbd, 
  0x77, 0xd5, 0xd7, 0x3b, 0x7e, 0xb1, 0x38, 0xbb, 0x93, 0xd4, 0xc4, 0xbd, 
  0x04, 0xf0, 0x2c, 0x3e, 0xdc, 0xa2, 0x16, 0xbe, 0x6d, 0xb2, 0xbf, 0xbd, 
  0x32, 0x3b, 0x00, 0x3e, 0xdc, 0x75, 0x35, 0xbd, 0x59, 0x49, 0x0e, 0xbe, 
  0x6f, 0x6d, 0x97, 0x3d, 0x34, 0x3f, 0x1d, 0xbe, 0x15, 0xdf, 0xae, 0xbd, 
  0xeb, 0x38, 0xac, 0xbd, 0xfe, 0x75, 0xef, 0xbb, 0x1d, 0xfa, 0x1f, 0xbe, 
  0xec, 0x34, 0x25, 0xbe, 0x43, 0x9b, 0x86, 0xbb, 0x20, 0xd1, 0x66, 0x3d, 
  0x87, 0x0c, 0xe3, 0xbd, 0xb8, 0xfa, 0x20, 0xbe, 0x7a, 0x26, 0xb2, 0x3d, 
  0x04, 0x27, 0x5b, 0xbc, 0xfb, 0xb6, 0x0d, 0x3e, 0xa7, 0xe0, 0xa6, 0xbc, 
  0x1a, 0xc2, 0x0a, 0x3e, 0xb9, 0x56, 0xc2, 0xbd, 0x6a, 0xa0, 0x67, 0xbe, 
  0x1b, 0x58, 0xb2, 0x3d, 0x88, 0x6c, 0x29, 0xbe, 0x30, 0xff, 0x80, 0xbc, 
  0x48, 0xfa, 0xd8, 0xbd, 0x74, 0x1c, 0xce, 0xbd, 0x83, 0xb4, 0x1d, 0x3e, 
  0xba, 0x0c, 0x8b, 0x3b, 0xd6, 0xc1, 0x36, 0xbe, 0x17, 0x60, 0xed, 0x3c, 
  0x92, 0x4f, 0xf1, 0xbd, 0x61, 0x2b, 0x40, 0x3d, 0xc9, 0xcf, 0x63, 0xbe, 
  0x26, 0xb0, 0x8a, 0x3d, 0x97, 0x7c, 0xb7, 0x3e, 0x24, 0xbf, 0x96, 0xbd, 
  0xf9, 0x8f, 0x21, 0xbe, 0xe1, 0x4c, 0x63, 0x3d, 0xc8, 0x90, 0xa2, 0xbe, 
  0x6d, 0x58, 0x40, 0xbe, 0x23, 0xc0, 0x2b, 0x3e, 0x77, 0x50, 0xf2, 0xbd, 
  0xb6, 0x71, 0xee, 0x3c, 0xda, 0xcb, 0x98, 0x3e, 0xa9, 0x40, 0x59, 0x3e, 
  0x34, 0xe0, 0x34, 0xbe, 0x0e, 0x26, 0x66, 0x3e, 0x41, 0xef, 0xed, 0x3c, 
  0x30, 0x7d, 0xff, 0xbb, 0xfe, 0xf1, 0x15, 0x3e, 0xa3, 0x2c, 0x35, 0xbc, 
  0x5a, 0x93, 0xc3, 0xbb, 0x7a, 0x8d, 0x16, 0xbe, 0x99, 0x1f, 0x39, 0xbe, 
  0x00, 0x50, 0xb8, 0xbe, 0xe6, 0x70, 0x96, 0xbe, 0x92, 0x91, 0x07, 0x3e, 
  0x1f, 0x26, 0x8e, 0x3e, 0x68, 0x31, 0x8b, 0xbe, 0x01, 0xe3, 0xda, 0x3d, 
  0x12, 0x60, 0xa7, 0xbb, 0xbe, 0x3e, 0x89, 0x3e, 0x31, 0xd6, 0x48, 0xbe, 
  0xc1, 0x45, 0x48, 0xbd, 0x1d, 0x2e, 0xb2, 0xbd, 0x9e, 0x2c, 0x89, 0x3d, 
  0x2c, 0x6a, 0x97, 0x3e, 0xf3, 0xef, 0xfa, 0x3d, 0xf0, 0xc3, 0x43, 0xbe, 
  0x49, 0x59, 0x29, 0xbe, 0x8b, 0xa6, 0xde, 0xbd, 0x27, 0xcf, 0xdc, 0x3d, 
  0x7a, 0x8f, 0xb3, 0xbc, 0x94, 0x02, 0x8c, 0x3e, 0x19, 0xf4, 0x5e, 0x3c, 
  0x1e, 0x4f, 0x8c, 0x3d, 0xe6, 0x3f, 0xc5, 0x3d, 0x58, 0x09, 0xba, 0xbd, 
  0xf2, 0xf8, 0x21, 0xbd, 0xc6, 0xf1, 0xbf, 0x3d, 0x84, 0x3f, 0x93, 0xbb, 
  0x2f, 0xa0, 0xb9, 0x3b, 0x1e, 0x38, 0xbe, 0x3d, 0xc3, 0x6b, 0xd8, 0x3b, 
  0x41, 0x90, 0x5f, 0x3d, 0xa0, 0x10, 0x43, 0x3e, 0x0b, 0xc5, 0x47, 0xbd, 
  0xda, 0xb9, 0x50, 0x3d, 0x1c, 0xb9, 0xfd, 0xbd, 0x78, 0x3b, 0x76, 0xbd, 
  0x62, 0x86, 0xee, 0xbd, 0xc3, 0x20, 0x25, 0xbd, 0xb5, 0x2b, 0x06, 0xbd, 
  0xfa, 0x28, 0x01, 0x3d, 0xeb, 0x54, 0x91, 0x3c, 0x21, 0x8a, 0x19, 0x3e, 
  0xd6, 0xd6, 0x2b, 0xbd, 0x69, 0x09, 0x6b, 0x3b, 0xe6, 0x8b, 0x0b, 0x3d, 
  0x5b, 0x52, 0x37, 0x3e, 0x5d, 0x4a, 0x38, 0x3e, 0x5d, 0x59, 0x40, 0x3e, 
  0x96, 0x78, 0xa3, 0xbd, 0x8b, 0x5f, 0xab, 0x3d, 0xe3, 0xb9, 0x09, 0xbe, 
  0xc5, 0x13, 0x92, 0x3d, 0x2b, 0x24, 0x00, 0xbe, 0xad, 0xe9, 0x85, 0xbd, 
  0x20, 0x34, 0x61, 0xbd, 0x1b, 0x8f, 0xc9, 0xbd, 0x26, 0xf0, 0x50, 0x3c, 
  0xec, 0x39, 0x49, 0x3e, 0xb9, 0xc7, 0x0e, 0x3e, 0xe7, 0x47, 0xca, 0x3d, 
  0xe4, 0x99, 0xd0, 0xbd, 0x23, 0xe0, 0x0d, 0x3e, 0x16, 0xa9, 0xa2, 0xbb, 
  0xa0, 0x3f, 0x0f, 0x3e, 0xb5, 0x71, 0x80, 0x3d, 0x7b, 0xb9, 0x97, 0x3d, 
  0xc7, 0xb0, 0x22, 0xbe, 0x59, 0xf7, 0xbb, 0x3d, 0x0c, 0xb5, 0xf3, 0xbd, 
  0xbe, 0xdd, 0x4c, 0x3d, 0xfc, 0x5d, 0x9e, 0x3d, 0x6d, 0xb0, 0x12, 0xbe, 
  0xcc, 0x8c, 0x7f, 0x3c, 0xc4, 0x94, 0x31, 0x3c, 0x32, 0x13, 0xa4, 0x39, 
  0x87, 0x7c, 0x84, 0xbd, 0x3d, 0xc3, 0x60, 0xbe, 0x70, 0x48, 0x33, 0x3b, 
  0x13, 0x33, 0x96, 0xbc, 0x51, 0x68, 0x1c, 0xbe, 0x82, 0x61, 0xcb, 0xbd, 
  0xac, 0x7c, 0xab, 0x3d, 0x1d, 0x48, 0x14, 0x3e, 0xd0, 0x8e, 0x39, 0x3e, 
  0x50, 0x34, 0xed, 0xbb, 0x7b, 0x26, 0x13, 0xbe, 0x9c, 0x8b, 0x17, 0x3e, 
  0x9f, 0x2c, 0xbf, 0x3d, 0x22, 0x5e, 0x1c, 0xbe, 0x8a, 0x45, 0xf1, 0x3d, 
  0xa9, 0x1c, 0x8a, 0xbd, 0x8d, 0xbb, 0xee, 0x3d, 0x6d, 0xb2, 0x7c, 0xbe, 
  0xda, 0x05, 0xd4, 0x3d, 0x6a, 0x13, 0xcf, 0xbd, 0x51, 0xeb, 0x70, 0xbe, 
  0x31, 0x90, 0x69, 0xbc, 0x0b, 0x78, 0x40, 0xbe, 0x17, 0xcf, 0xa0, 0x3e, 
  0x48, 0xf6, 0xe9, 0x3b, 0x89, 0x18, 0x2c, 0x3e, 0x9a, 0xfa, 0x8b, 0xbd, 
  0xdb, 0x98, 0x4c, 0xbd, 0x4d, 0x21, 0x83, 0xbd, 0xf1, 0x9b, 0x34, 0xbd, 
  0xb2, 0x58, 0x14, 0xbe, 0xbc, 0x8f, 0xb8, 0x3c, 0x68, 0xa6, 0xe0, 0xba, 
  0x02, 0xd7, 0xdc, 0x3d, 0x32, 0x44, 0xd3, 0x3d, 0xf7, 0x4a, 0x00, 0xbe, 
  0x5c, 0x4c, 0x02, 0xbe, 0x61, 0xb6, 0x10, 0x3e, 0x10, 0xcf, 0x39, 0x3d, 
  0x32, 0x66, 0x73, 0x3e, 0xb4, 0x7b, 0x49, 0xbe, 0x51, 0x8d, 0x71, 0x3d, 
  0x72, 0xf7, 0x29, 0xbb, 0xbf, 0x27, 0x50, 0x3e, 0x04, 0x00, 0x98, 0x3b, 
  0x54, 0x68, 0x07, 0xbe, 0xcc, 0xe0, 0x4e, 0x3b, 0x3d, 0xf7, 0x41, 0x3d, 
  0x8f, 0xc3, 0x63, 0x3d, 0xda, 0x52, 0x11, 0xbc, 0x36, 0x67, 0x31, 0x3e, 
  0xc5, 0xf6, 0x7a, 0xbc, 0x50, 0x3a, 0x3f, 0x3e, 0x9a, 0x81, 0x1d, 0xbe, 
  0xf5, 0x9b, 0xd3, 0xbd, 0x8c, 0x72, 0xf8, 0xbd, 0xf9, 0x85, 0xe7, 0xbd, 
  0xbb, 0xa9, 0x48, 0xbe, 0x8a, 0x58, 0xcf, 0xbd, 0x5d, 0x5f, 0x86, 0x3d, 
  0x98, 0x5c, 0xce, 0xbc, 0x96, 0xd3, 0xcf, 0xbd, 0xf8, 0x56, 0x45, 0x3d, 
  0x7f, 0x48, 0x50, 0x3d, 0x02, 0xbe, 0x35, 0xbd, 0x07, 0x20, 0xb6, 0x3d, 
  0x68, 0x41, 0xa7, 0xbc, 0x79, 0x40, 0xa3, 0xbc, 0xd8, 0xeb, 0x88, 0x3e, 
  0xd4, 0x9c, 0x25, 0x3d, 0xca, 0x91, 0x9c, 0x3d, 0x4e, 0xaa, 0x67, 0xbd, 
  0x30, 0x41, 0x2a, 0xbe, 0x63, 0xe9, 0xc3, 0xbd, 0x9a, 0x90, 0x1d, 0x3e, 
  0x8d, 0x8b, 0x0e, 0xbe, 0x7a, 0x75, 0xad, 0x3d, 0x50, 0x99, 0xa3, 0x3d, 
  0x64, 0x9d, 0xde, 0x3d, 0x64, 0x65, 0x01, 0xbe, 0xb4, 0x6f, 0x2c, 0x3e, 
  0x0f, 0x28, 0xdd, 0x3d, 0x24, 0x40, 0xb3, 0xbc, 0xc4, 0xe1, 0xd6, 0x3d, 
  0xc3, 0xff, 0x8c, 0x3e, 0x3d, 0x2c, 0x82, 0xbc, 0x32, 0x9a, 0x0d, 0x3e, 
  0x28, 0x6c, 0x4b, 0xbe, 0x46, 0xc7, 0x0e, 0xbe, 0x3e, 0xb3, 0xe0, 0xbd, 
  0x3e, 0xfe, 0xff, 0xff, 0x04, 0x00, 0x00, 0x00, 0x20, 0x00, 0x00, 0x00, 
  0x35, 0x9e, 0x91, 0x3d, 0xbe, 0xf6, 0x01, 0x3e, 0xea, 0x47, 0x9c, 0x3d, 
  0x66, 0x8e, 0xeb, 0xbd, 0xdc, 0x57, 0xcf, 0x3b, 0x4f, 0x85, 0x01, 0xbd, 
  0xf9, 0x87, 0x7b, 0x3c, 0x5e, 0x70, 0x7a, 0xbd, 0x6a, 0xfe, 0xff, 0xff, 
  0x04, 0x00, 0x00, 0x00, 0x40, 0x00, 0x00, 0x00, 0x88, 0xfb, 0x40, 0xbf, 
  0x4c, 0x79, 0x98, 0xbd, 0xb4, 0xf3, 0x90, 0x3b, 0x66, 0x89, 0x30, 0x3d, 
  0x23, 0x89, 0x6e, 0x3f, 0xf9, 0x10, 0x50, 0x3d, 0xf2, 0x23, 0x15, 0x3f, 
  0xfe, 0x13, 0x35, 0xbf, 0xee, 0xb8, 0xb4, 0xbe, 0x1e, 0x79, 0x84, 0x3e, 
  0xe2, 0x1e, 0x6a, 0x3f, 0x06, 0xad, 0x3b, 0x3f, 0x8a, 0xae, 0x74, 0x3e, 
  0x4a, 0x76, 0x53, 0x3f, 0xca, 0xa8, 0xaa, 0xbe, 0x08, 0x65, 0x73, 0x3e, 
  0xb6, 0xfe, 0xff, 0xff, 0x04, 0x00, 0x00, 0x00, 0x80, 0x00, 0x00, 0x00, 
  0x76, 0xb2, 0xff, 0xbe, 0x06, 0x19, 0xd4, 0xbe, 0x2d, 0x59, 0x39, 0xbf, 
  0xc4, 0x9a, 0x69, 0x3e, 0xfd, 0x34, 0x4f, 0xbf, 0x96, 0x44, 0x4e, 0xbd, 
  0x60, 0x0b, 0x24, 0x3b, 0x47, 0xfd, 0xfd, 0x3e, 0x44, 0x3e, 0xa2, 0x3e, 
  0x9e, 0x23, 0x20, 0x3e, 0xaf, 0xe2, 0xf2, 0xbe, 0x2e, 0xc9, 0xd6, 0xbe, 
  0xa9, 0xc6, 0x04, 0xbf, 0x97, 0x86, 0x3b, 0xbf, 0x22, 0xa8, 0xdf, 0x3d, 
  0x0b, 0xc0, 0xe1, 0x3e, 0xd4, 0xe2, 0x0c, 0x3f, 0x0b, 0xed, 0x94, 0x3f, 
  0xe1, 0xee, 0xec, 0x3d, 0x24, 0x80, 0x91, 0x3e, 0xc7, 0x7c, 0x2c, 0xbf, 
  0xec, 0x67, 0x30, 0x3f, 0xce, 0x3a, 0x4f, 0x3f, 0xb0, 0x7a, 0x79, 0xbf, 
  0xce, 0x21, 0xff, 0xbe, 0xd0, 0xdd, 0xf3, 0x3e, 0xdb, 0xcc, 0x74, 0x3e, 
  0x0f, 0xde, 0x4e, 0x3f, 0xb1, 0x3d, 0x1f, 0x3e, 0x54, 0x93, 0x99, 0xbd, 
  0x96, 0x61, 0x3d, 0x3e, 0x7b, 0x28, 0xeb, 0x3d, 0xcc, 0xeb, 0xff, 0xff, 
  0xd0, 0xeb, 0xff, 0xff, 0x0f, 0x00, 0x00, 0x00, 0x4d, 0x4c, 0x49, 0x52, 
  0x20, 0x43, 0x6f, 0x6e, 0x76, 0x65, 0x72, 0x74, 0x65, 0x64, 0x2e, 0x00, 
  0x01, 0x00, 0x00, 0x00, 0x14, 0x00, 0x00, 0x00, 0x00, 0x00, 0x0e, 0x00, 
  0x18, 0x00, 0x14, 0x00, 0x10, 0x00, 0x0c, 0x00, 0x08, 0x00, 0x04, 0x00, 
  0x0e, 0x00, 0x00, 0x00, 0x14, 0x00, 0x00, 0x00, 0x1c, 0x00, 0x00, 0x00, 
  0x08, 0x04, 0x00, 0x00, 0x0c, 0x04, 0x00, 0x00, 0x10, 0x04, 0x00, 0x00, 
  0x04, 0x00, 0x00, 0x00, 0x6d, 0x61, 0x69, 0x6e, 0x00, 0x00, 0x00, 0x00, 
  0x12, 0x00, 0x00, 0x00, 0xcc, 0x03, 0x00, 0x00, 0x8c, 0x03, 0x00, 0x00, 
  0x48, 0x03, 0x00, 0x00, 0x24, 0x03, 0x00, 0x00, 0xd4, 0x02, 0x00, 0x00, 
  0xb0, 0x02, 0x00, 0x00, 0x5c, 0x02, 0x00, 0x00, 0x28, 0x02, 0x00, 0x00, 
  0xe4, 0x01, 0x00, 0x00, 0xc0, 0x01, 0x00, 0x00, 0x7c, 0x01, 0x00, 0x00, 
  0x58, 0x01, 0x00, 0x00, 0x14, 0x01, 0x00, 0x00, 0xf0, 0x00, 0x00, 0x00, 
  0xbc, 0x00, 0x00, 0x00, 0x78, 0x00, 0x00, 0x00, 0x40, 0x00, 0x00, 0x00, 
  0x04, 0x00, 0x00, 0x00, 0xe2, 0xfd, 0xff, 0xff, 0x1c, 0x00, 0x00, 0x00, 
  0x00, 0x00, 0x00, 0x09, 0x1c, 0x00, 0x00, 0x00, 0x20, 0x00, 0x00, 0x00, 
  0x07, 0x00, 0x00, 0x00, 0x00, 0x00, 0x06, 0x00, 0x08, 0x00, 0x04, 0x00, 
  0x06, 0x00, 0x00, 0x00, 0x00, 0x00, 0x80, 0x3f, 0x01, 0x00, 0x00, 0x00, 
  0x26, 0x00, 0x00, 0x00, 0x01, 0x00, 0x00, 0x00, 0x25, 0x00, 0x00, 0x00, 
  0xfe, 0xfc, 0xff, 0xff, 0x14, 0x00, 0x00, 0x00, 0x00, 0x00, 0x00, 0x08, 
  0x10, 0x00, 0x00, 0x00, 0x14, 0x00, 0x00, 0x00, 0x06, 0x00, 0x00, 0x00, 
  0xc0, 0xec, 0xff, 0xff, 0x01, 0x00, 0x00, 0x00, 0x25, 0x00, 0x00, 0x00, 
  0x03, 0x00, 0x00, 0x00, 0x24, 0x00, 0x00, 0x00, 0x0d, 0x00, 0x00, 0x00, 
  0x11, 0x00, 0x00, 0x00, 0x4e, 0xfe, 0xff, 0xff, 0x1c, 0x00, 0x00, 0x00, 
  0x00, 0x00, 0x00, 0x08, 0x1c, 0x00, 0x00, 0x00, 0x20, 0x00, 0x00, 0x00, 
  0x06, 0x00, 0x00, 0x00, 0x00, 0x00, 0x06, 0x00, 0x08, 0x00, 0x07, 0x00, 
  0x06, 0x00, 0x00, 0x00, 0x00, 0x00, 0x00, 0x01, 0x01, 0x00, 0x00, 0x00, 
  0x24, 0x00, 0x00, 0x00, 0x03, 0x00, 0x00, 0x00, 0x23, 0x00, 0x00, 0x00, 
  0x0e, 0x00, 0x00, 0x00, 0x12, 0x00, 0x00, 0x00, 0x72, 0xfd, 0xff, 0xff, 
  0x14, 0x00, 0x00, 0x00, 0x00, 0x00, 0x00, 0x1b, 0x10, 0x00, 0x00, 0x00, 
  0x14, 0x00, 0x00, 0x00, 0x05, 0x00, 0x00, 0x00, 0x34, 0xed, 0xff, 0xff, 
  0x01, 0x00, 0x00, 0x00, 0x23, 0x00, 0x00, 0x00, 0x02, 0x00, 0x00, 0x00, 
  0x22, 0x00, 0x00, 0x00, 0x13, 0x00, 0x00, 0x00, 0x62, 0xfd, 0xff, 0xff, 
  0x08, 0x00, 0x00, 0x00, 0x0c, 0x00, 0x00, 0x00, 0x01, 0x00, 0x00, 0x00, 
  0x22, 0x00, 0x00, 0x00, 0x02, 0x00, 0x00, 0x00, 0x21, 0x00, 0x00, 0x00, 
  0x07, 0x00, 0x00, 0x00, 0xc2, 0xfd, 0xff, 0xff, 0x14, 0x00, 0x00, 0x00, 
  0x00, 0x00, 0x00, 0x01, 0x1c, 0x00, 0x00, 0x00, 0x20, 0x00, 0x00, 0x00, 
  0x03, 0x00, 0x00, 0x00, 0x60, 0xfe, 0xff, 0xff, 0x00, 0x00, 0x00, 0x01, 
  0x01, 0x00, 0x00, 0x00, 0x01, 0x00, 0x00, 0x00, 0x01, 0x00, 0x00, 0x00, 
  0x21, 0x00, 0x00, 0x00, 0x03, 0x00, 0x00, 0x00, 0x20, 0x00, 0x00, 0x00, 
  0x04, 0x00, 0x00, 0x00, 0x01, 0x00, 0x00, 0x00, 0xc2, 0xfd, 0xff, 0xff, 
  0x08, 0x00, 0x00, 0x00, 0x0c, 0x00, 0x00, 0x00, 0x01, 0x00, 0x00, 0x00, 
  0x20, 0x00, 0x00, 0x00, 0x02, 0x00, 0x00, 0x00, 0x1f, 0x00, 0x00, 0x00, 
  0x08, 0x00, 0x00, 0x00, 0x22, 0xfe, 0xff, 0xff, 0x14, 0x00, 0x00, 0x00, 
  0x00, 0x00, 0x00, 0x05, 0x24, 0x00, 0x00, 0x00, 0x28, 0x00, 0x00, 0x00, 
  0x04, 0x00, 0x00, 0x00, 0x2e, 0xff, 0xff, 0xff, 0x02, 0x00, 0x00, 0x00, 
  0x01, 0x00, 0x00, 0x00, 0x02, 0x00, 0x00, 0x00, 0x01, 0x00, 0x00, 0x00, 
  0x00, 0x00, 0x00, 0x01, 0x01, 0x00, 0x00, 0x00, 0x1f, 0x00, 0x00, 0x00, 
  0x01, 0x00, 0x00, 0x00, 0x1e, 0x00, 0x00, 0x00, 0x22, 0xfe, 0xff, 0xff, 
  0x08, 0x00, 0x00, 0x00, 0x0c, 0x00, 0x00, 0x00, 0x01, 0x00, 0x00, 0x00, 
  0x1e, 0x00, 0x00, 0x00, 0x02, 0x00, 0x00, 0x00, 0x1d, 0x00, 0x00, 0x00, 
  0x09, 0x00, 0x00, 0x00, 0x82, 0xfe, 0xff, 0xff, 0x14, 0x00, 0x00, 0x00, 
  0x00, 0x00, 0x00, 0x01, 0x1c, 0x00, 0x00, 0x00, 0x20, 0x00, 0x00, 0x00, 
  0x03, 0x00, 0x00, 0x00, 0x20, 0xff, 0xff, 0xff, 0x00, 0x00, 0x00, 0x01, 
  0x01, 0x00, 0x00, 0x00, 0x01, 0x00, 0x00, 0x00, 0x01, 0x00, 0x00, 0x00, 
  0x1d, 0x00, 0x00, 0x00, 0x03, 0x00, 0x00, 0x00, 0x1c, 0x00, 0x00, 0x00, 
  0x05, 0x00, 0x00, 0x00, 0x02, 0x00, 0x00, 0x00, 0x82, 0xfe, 0xff, 0xff, 
  0x08, 0x00, 0x00, 0x00, 0x0c, 0x00, 0x00, 0x00, 0x01, 0x00, 0x00, 0x00, 
  0x1c, 0x00, 0x00, 0x00, 0x02, 0x00, 0x00, 0x00, 0x1b, 0x00, 0x00, 0x00, 
  0x0a, 0x00, 0x00, 0x00, 0x00, 0x00, 0x0e, 0x00, 0x1a, 0x00, 0x14, 0x00, 
  0x10, 0x00, 0x0c, 0x00, 0x0b, 0x00, 0x04, 0x00, 0x0e, 0x00, 0x00, 0x00, 
  0x24, 0x00, 0x00, 0x00, 0x00, 0x00, 0x00, 0x05, 0x34, 0x00, 0x00, 0x00, 
  0x38, 0x00, 0x00, 0x00, 0x04, 0x00, 0x00, 0x00, 0x00, 0x00, 0x0e, 0x00, 
  0x18, 0x00, 0x17, 0x00, 0x10, 0x00, 0x0c, 0x00, 0x08, 0x00, 0x04, 0x00, 
  0x0e, 0x00, 0x00, 0x00, 0x02, 0x00, 0x00, 0x00, 0x01, 0x00, 0x00, 0x00, 
  0x02, 0x00, 0x00, 0x00, 0x01, 0x00, 0x00, 0x00, 0x00, 0x00, 0x00, 0x01, 
  0x01, 0x00, 0x00, 0x00, 0x1b, 0x00, 0x00, 0x00, 0x01, 0x00, 0x00, 0x00, 
  0x1a, 0x00, 0x00, 0x00, 0x02, 0xff, 0xff, 0xff, 0x08, 0x00, 0x00, 0x00, 
  0x0c, 0x00, 0x00, 0x00, 0x01, 0x00, 0x00, 0x00, 0x1a, 0x00, 0x00, 0x00, 
  0x02, 0x00, 0x00, 0x00, 0x19, 0x00, 0x00, 0x00, 0x0b, 0x00, 0x00, 0x00, 
  0x62, 0xff, 0xff, 0xff, 0x20, 0x00, 0x00, 0x00, 0x00, 0x00, 0x00, 0x01, 
  0x28, 0x00, 0x00, 0x00, 0x2c, 0x00, 0x00, 0x00, 0x03, 0x00, 0x00, 0x00, 
  0x0c, 0x00, 0x10, 0x00, 0x00, 0x00, 0x0c, 0x00, 0x08, 0x00, 0x07, 0x00, 
  0x0c, 0x00, 0x00, 0x00, 0x00, 0x00, 0x00, 0x01, 0x01, 0x00, 0x00, 0x00, 
  0x01, 0x00, 0x00, 0x00, 0x01, 0x00, 0x00, 0x00, 0x19, 0x00, 0x00, 0x00, 
  0x03, 0x00, 0x00, 0x00, 0x18, 0x00, 0x00, 0x00, 0x06, 0x00, 0x00, 0x00, 
  0x03, 0x00, 0x00, 0x00, 0x6e, 0xff, 0xff, 0xff, 0x08, 0x00, 0x00, 0x00, 
  0x0c, 0x00, 0x00, 0x00, 0x01, 0x00, 0x00, 0x00, 0x18, 0x00, 0x00, 0x00, 
  0x02, 0x00, 0x00, 0x00, 0x17, 0x00, 0x00, 0x00, 0x0c, 0x00, 0x00, 0x00, 
  0xce, 0xff, 0xff, 0xff, 0x14, 0x00, 0x00, 0x00, 0x00, 0x00, 0x00, 0x15, 
  0x10, 0x00, 0x00, 0x00, 0x14, 0x00, 0x00, 0x00, 0x02, 0x00, 0x00, 0x00, 
  0x90, 0xef, 0xff, 0xff, 0x01, 0x00, 0x00, 0x00, 0x17, 0x00, 0x00, 0x00, 
  0x02, 0x00, 0x00, 0x00, 0x16, 0x00, 0x00, 0x00, 0x0f, 0x00, 0x00, 0x00, 
  0x00, 0x00, 0x0e, 0x00, 0x18, 0x00, 0x14, 0x00, 0x10, 0x00, 0x0c, 0x00, 
  0x0b, 0x00, 0x04, 0x00, 0x0e, 0x00, 0x00, 0x00, 0x14, 0x00, 0x00, 0x00, 
  0x00, 0x00, 0x00, 0x1c, 0x10, 0x00, 0x00, 0x00, 0x14, 0x00, 0x00, 0x00, 
  0x01, 0x00, 0x00, 0x00, 0xd0, 0xef, 0xff, 0xff, 0x01, 0x00, 0x00, 0x00, 
  0x16, 0x00, 0x00, 0x00, 0x02, 0x00, 0x00, 0x00, 0x15, 0x00, 0x00, 0x00, 
  0x10, 0x00, 0x00, 0x00, 0x00, 0x00, 0x0a, 0x00, 0x0c, 0x00, 0x00, 0x00, 
  0x08, 0x00, 0x04, 0x00, 0x0a, 0x00, 0x00, 0x00, 0x08, 0x00, 0x00, 0x00, 
  0x0c, 0x00, 0x00, 0x00, 0x01, 0x00, 0x00, 0x00, 0x15, 0x00, 0x00, 0x00, 
  0x02, 0x00, 0x00, 0x00, 0x00, 0x00, 0x00, 0x00, 0x14, 0x00, 0x00, 0x00, 
  0x01, 0x00, 0x00, 0x00, 0x26, 0x00, 0x00, 0x00, 0x01, 0x00, 0x00, 0x00, 
  0x00, 0x00, 0x00, 0x00, 0x27, 0x00, 0x00, 0x00, 0xc0, 0x0f, 0x00, 0x00, 
  0x6c, 0x0f, 0x00, 0x00, 0x30, 0x0f, 0x00, 0x00, 0xf4, 0x0e, 0x00, 0x00, 
  0xac, 0x0e, 0x00, 0x00, 0x64, 0x0e, 0x00, 0x00, 0x1c, 0x0e, 0x00, 0x00, 
  0xdc, 0x0d, 0x00, 0x00, 0x84, 0x0d, 0x00, 0x00, 0x44, 0x0d, 0x00, 0x00, 
  0x04, 0x0d, 0x00, 0x00, 0xc0, 0x0c, 0x00, 0x00, 0x7c, 0x0c, 0x00, 0x00, 
  0x38, 0x0c, 0x00, 0x00, 0xf4, 0x0b, 0x00, 0x00, 0xac, 0x0b, 0x00, 0x00, 
  0x70, 0x0b, 0x00, 0x00, 0x30, 0x0b, 0x00, 0x00, 0xf0, 0x0a, 0x00, 0x00, 
  0x88, 0x0a, 0x00, 0x00, 0x44, 0x0a, 0x00, 0x00, 0xf4, 0x09, 0x00, 0x00, 
  0xa0, 0x09, 0x00, 0x00, 0x28, 0x09, 0x00, 0x00, 0xcc, 0x08, 0x00, 0x00, 
  0x8c, 0x07, 0x00, 0x00, 0x30, 0x07, 0x00, 0x00, 0xd4, 0x06, 0x00, 0x00, 
  0x74, 0x06, 0x00, 0x00, 0x24, 0x05, 0x00, 0x00, 0xc4, 0x04, 0x00, 0x00, 
  0x68, 0x04, 0x00, 0x00, 0x08, 0x04, 0x00, 0x00, 0xb8, 0x02, 0x00, 0x00, 
  0x88, 0x01, 0x00, 0x00, 0x2c, 0x01, 0x00, 0x00, 0xb4, 0x00, 0x00, 0x00, 
  0x50, 0x00, 0x00, 0x00, 0x04, 0x00, 0x00, 0x00, 0xf2, 0xf0, 0xff, 0xff, 
  0x00, 0x00, 0x00, 0x01, 0x10, 0x00, 0x00, 0x00, 0x10, 0x00, 0x00, 0x00, 
  0x27, 0x00, 0x00, 0x00, 0x28, 0x00, 0x00, 0x00, 0xdc, 0xf0, 0xff, 0xff, 
  0x19, 0x00, 0x00, 0x00, 0x53, 0x74, 0x61, 0x74, 0x65, 0x66, 0x75, 0x6c, 
  0x50, 0x61, 0x72, 0x74, 0x69, 0x74, 0x69, 0x6f, 0x6e, 0x65, 0x64, 0x43, 
  0x61, 0x6c, 0x6c, 0x3a, 0x30, 0x00, 0x00, 0x00, 0x02, 0x00, 0x00, 0x00, 
  0x01, 0x00, 0x00, 0x00, 0x02, 0x00, 0x00, 0x00, 0x3a, 0xf1, 0xff, 0xff, 
  0x00, 0x00, 0x00, 0x01, 0x10, 0x00, 0x00, 0x00, 0x10, 0x00, 0x00, 0x00, 
  0x26, 0x00, 0x00, 0x00, 0x40, 0x00, 0x00, 0x00, 0x24, 0xf1, 0xff, 0xff, 
  0x32, 0x00, 0x00, 0x00, 0x73, 0x65, 0x71, 0x75, 0x65, 0x6e, 0x74, 0x69, 
  0x61, 0x6c, 0x2f, 0x79, 0x5f, 0x70, 0x72, 0x65, 0x64, 0x2f, 0x4d, 0x61, 
  0x74, 0x4d, 0x75, 0x6c, 0x3b, 0x73, 0x65, 0x71, 0x75, 0x65, 0x6e, 0x74, 
  0x69, 0x61, 0x6c, 0x2f, 0x79, 0x5f, 0x70, 0x72, 0x65, 0x64, 0x2f, 0x42, 
  0x69, 0x61, 0x73, 0x41, 0x64, 0x64, 0x00, 0x00, 0x02, 0x00, 0x00, 0x00, 
  0x01, 0x00, 0x00, 0x00, 0x02, 0x00, 0x00, 0x00, 0x9a, 0xf1, 0xff, 0xff, 
  0x00, 0x00, 0x00, 0x01, 0x10, 0x00, 0x00, 0x00, 0x10, 0x00, 0x00, 0x00, 
  0x25, 0x00, 0x00, 0x00, 0x54, 0x00, 0x00, 0x00, 0x84, 0xf1, 0xff, 0xff, 
  0x46, 0x00, 0x00, 0x00, 0x73, 0x65, 0x71, 0x75, 0x65, 0x6e, 0x74, 0x69, 
  0x61, 0x6c, 0x2f, 0x64, 0x65, 0x6e, 0x73, 0x65, 0x2f, 0x4d, 0x61, 0x74, 
  0x4d, 0x75, 0x6c, 0x3b, 0x73, 0x65, 0x71, 0x75, 0x65, 0x6e, 0x74, 0x69, 
  0x61, 0x6c, 0x2f, 0x64, 0x65, 0x6e, 0x73, 0x65, 0x2f, 0x52, 0x65, 0x6c, 
  0x75, 0x3b, 0x73, 0x65, 0x71, 0x75, 0x65, 0x6e, 0x74, 0x69, 0x61, 0x6c, 
  0x2f, 0x64, 0x65, 0x6e, 0x73, 0x65, 0x2f, 0x42, 0x69, 0x61, 0x73, 0x41, 
  0x64, 0x64, 0x00, 0x00, 0x02, 0x00, 0x00, 0x00, 0x01, 0x00, 0x00, 0x00, 
  0x10, 0x00, 0x00, 0x00, 0x0e, 0xf2, 0xff, 0xff, 0x00, 0x00, 0x00, 0x01, 
  0x10, 0x00, 0x00, 0x00, 0x10, 0x00, 0x00, 0x00, 0x24, 0x00, 0x00, 0x00, 
  0x38, 0x00, 0x00, 0x00, 0xf8, 0xf1, 0xff, 0xff, 0x28, 0x00, 0x00, 0x00, 
  0x73, 0x65, 0x71, 0x75, 0x65, 0x6e, 0x74, 0x69, 0x61, 0x6c, 0x2f, 0x67, 
  0x6c, 0x6f, 0x62, 0x61, 0x6c, 0x5f, 0x61, 0x76, 0x65, 0x72, 0x61, 0x67, 
  0x65, 0x5f, 0x70, 0x6f, 0x6f, 0x6c, 0x69, 0x6e, 0x67, 0x31, 0x64, 0x2f, 
  0x4d, 0x65, 0x61, 0x6e, 0x00, 0x00, 0x00, 0x00, 0x02, 0x00, 0x00, 0x00, 
  0x01, 0x00, 0x00, 0x00, 0x20, 0x00, 0x00, 0x00, 0x66, 0xf2, 0xff, 0xff, 
  0x00, 0x00, 0x00, 0x01, 0x10, 0x00, 0x00, 0x00, 0x10, 0x00, 0x00, 0x00, 
  0x23, 0x00, 0x00, 0x00, 0x08, 0x01, 0x00, 0x00, 0x50, 0xf2, 0xff, 0xff, 
  0xfa, 0x00, 0x00, 0x00, 0x73, 0x65, 0x71, 0x75, 0x65, 0x6e, 0x74, 0x69, 
  0x61, 0x6c, 0x2f, 0x72, 0x65, 0x5f, 0x6c, 0x75, 0x5f, 0x32, 0x2f, 0x52, 
  0x65, 0x6c, 0x75, 0x3b, 0x73, 0x65, 0x71, 0x75, 0x65, 0x6e, 0x74, 0x69, 
  0x61, 0x6c, 0x2f, 0x62, 0x61, 0x74, 0x63, 0x68, 0x5f, 0x6e, 0x6f, 0x72, 
  0x6d, 0x61, 0x6c, 0x69, 0x7a, 0x61, 0x74, 0x69, 0x6f, 0x6e, 0x5f, 0x32, 
  0x2f, 0x62, 0x61, 0x74, 0x63, 0x68, 0x6e, 0x6f, 0x72, 0x6d, 0x2f, 0x61, 
  0x64, 0x64, 0x5f, 0x31, 0x3b, 0x73, 0x65, 0x71, 0x75, 0x65, 0x6e, 0x74, 
  0x69, 0x61, 0x6c, 0x2f, 0x63, 0x6f, 0x6e, 0x76, 0x31, 0x64, 0x5f, 0x32, 
  0x2f, 0x43, 0x6f, 0x6e, 0x76, 0x31, 0x44, 0x2f, 0x53, 0x71, 0x75, 0x65, 
  0x65, 0x7a, 0x65, 0x3b, 0x73, 0x65, 0x71, 0x75, 0x65, 0x6e, 0x74, 0x69, 
  0x61, 0x6c, 0x2f, 0x62, 0x61, 0x74, 0x63, 0x68, 0x5f, 0x6e, 0x6f, 0x72, 
  0x6d, 0x61, 0x6c, 0x69, 0x7a, 0x61, 0x74, 0x69, 0x6f, 0x6e, 0x5f, 0x32, 
  0x2f, 0x62, 0x61, 0x74, 0x63, 0x68, 0x6e, 0x6f, 0x72, 0x6d, 0x2f, 0x6d, 
  0x75, 0x6c, 0x5f, 0x31, 0x3b, 0x73, 0x65, 0x71, 0x75, 0x65, 0x6e, 0x74, 
  0x69, 0x61, 0x6c, 0x2f, 0x62, 0x61, 0x74, 0x63, 0x68, 0x5f, 0x6e, 0x6f, 
  0x72, 0x6d, 0x61, 0x6c, 0x69, 0x7a, 0x61, 0x74, 0x69, 0x6f, 0x6e, 0x5f, 
  0x32, 0x2f, 0x62, 0x61, 0x74, 0x63, 0x68, 0x6e, 0x6f, 0x72, 0x6d, 0x2f, 
  0x6d, 0x75, 0x6c, 0x3b, 0x73, 0x65, 0x71, 0x75, 0x65, 0x6e, 0x74, 0x69, 
  0x61, 0x6c, 0x2f, 0x62, 0x61, 0x74, 0x63, 0x68, 0x5f, 0x6e, 0x6f, 0x72, 
  0x6d, 0x61, 0x6c, 0x69, 0x7a, 0x61, 0x74, 0x69, 0x6f, 0x6e, 0x5f, 0x32, 
  0x2f, 0x62, 0x61, 0x74, 0x63, 0x68, 0x6e, 0x6f, 0x72, 0x6d, 0x2f, 0x73, 
  0x75, 0x62, 0x00, 0x00, 0x03, 0x00, 0x00, 0x00, 0x01, 0x00, 0x00, 0x00, 
  0x3e, 0x00, 0x00, 0x00, 0x20, 0x00, 0x00, 0x00, 0x92, 0xf3, 0xff, 0xff, 
  0x00, 0x00, 0x00, 0x01, 0x10, 0x00, 0x00, 0x00, 0x10, 0x00, 0x00, 0x00, 
  0x22, 0x00, 0x00, 0x00, 0x24, 0x01, 0x00, 0x00, 0x7c, 0xf3, 0xff, 0xff, 
  0x15, 0x01, 0x00, 0x00, 0x73, 0x65, 0x71, 0x75, 0x65, 0x6e, 0x74, 0x69, 
  0x61, 0x6c, 0x2f, 0x72, 0x65, 0x5f, 0x6c, 0x75, 0x5f, 0x32, 0x2f, 0x52, 
  0x65, 0x6c, 0x75, 0x3b, 0x73, 0x65, 0x71, 0x75, 0x65, 0x6e, 0x74, 0x69, 
  0x61, 0x6c, 0x2f, 0x62, 0x61, 0x74, 0x63, 0x68, 0x5f, 0x6e, 0x6f, 0x72, 
  0x6d, 0x61, 0x6c, 0x69, 0x7a, 0x61, 0x74, 0x69, 0x6f, 0x6e, 0x5f, 0x32, 
  0x2f, 0x62, 0x61, 0x74, 0x63, 0x68, 0x6e, 0x6f, 0x72, 0x6d, 0x2f, 0x61, 
  0x64, 0x64, 0x5f, 0x31, 0x3b, 0x73, 0x65, 0x71, 0x75, 0x65, 0x6e, 0x74, 
  0x69, 0x61, 0x6c, 0x2f, 0x63, 0x6f, 0x6e, 0x76, 0x31, 0x64, 0x5f, 0x32, 
  0x2f, 0x43, 0x6f, 0x6e, 0x76, 0x31, 0x44, 0x2f, 0x53, 0x71, 0x75, 0x65, 
  0x65, 0x7a, 0x65, 0x3b, 0x73, 0x65, 0x71, 0x75, 0x65, 0x6e, 0x74, 0x69, 
  0x61, 0x6c, 0x2f, 0x62, 0x61, 0x74, 0x63, 0x68, 0x5f, 0x6e, 0x6f, 0x72, 
  0x6d, 0x61, 0x6c, 0x69, 0x7a, 0x61, 0x74, 0x69, 0x6f, 0x6e, 0x5f, 0x32, 
  0x2f, 0x62, 0x61, 0x74, 0x63, 0x68, 0x6e, 0x6f, 0x72, 0x6d, 0x2f, 0x6d, 
  0x75, 0x6c, 0x5f, 0x31, 0x3b, 0x73, 0x65, 0x71, 0x75, 0x65, 0x6e, 0x74, 
  0x69, 0x61, 0x6c, 0x2f, 0x62, 0x61, 0x74, 0x63, 0x68, 0x5f, 0x6e, 0x6f, 
  0x72, 0x6d, 0x61, 0x6c, 0x69, 0x7a, 0x61, 0x74, 0x69, 0x6f, 0x6e, 0x5f, 
  0x32, 0x2f, 0x62, 0x61, 0x74, 0x63, 0x68, 0x6e, 0x6f, 0x72, 0x6d, 0x2f, 
  0x6d, 0x75, 0x6c, 0x3b, 0x73, 0x65, 0x71, 0x75, 0x65, 0x6e, 0x74, 0x69, 
  0x61, 0x6c, 0x2f, 0x62, 0x61, 0x74, 0x63, 0x68, 0x5f, 0x6e, 0x6f, 0x72, 
  0x6d, 0x61, 0x6c, 0x69, 0x7a, 0x61, 0x74, 0x69, 0x6f, 0x6e, 0x5f, 0x32, 
  0x2f, 0x62, 0x61, 0x74, 0x63, 0x68, 0x6e, 0x6f, 0x72, 0x6d, 0x2f, 0x73, 
  0x75, 0x62, 0x3b, 0x73, 0x65, 0x71, 0x75, 0x65, 0x6e, 0x74, 0x69, 0x61, 
  0x6c, 0x2f, 0x63, 0x6f, 0x6e, 0x76, 0x31, 0x64, 0x5f, 0x32, 0x2f, 0x43, 
  0x6f, 0x6e, 0x76, 0x31, 0x44, 0x00, 0x00, 0x00, 0x04, 0x00, 0x00, 0x00, 
  0x01, 0x00, 0x00, 0x00, 0x01, 0x00, 0x00, 0x00, 0x3e, 0x00, 0x00, 0x00, 
  0x20, 0x00, 0x00, 0x00, 0xde, 0xf4, 0xff, 0xff, 0x00, 0x00, 0x00, 0x01, 
  0x10, 0x00, 0x00, 0x00, 0x10, 0x00, 0x00, 0x00, 0x21, 0x00, 0x00, 0x00, 
  0x34, 0x00, 0x00, 0x00, 0xc8, 0xf4, 0xff, 0xff, 0x25, 0x00, 0x00, 0x00, 
  0x73, 0x65, 0x71, 0x75, 0x65, 0x6e, 0x74, 0x69, 0x61, 0x6c, 0x2f, 0x63, 
  0x6f, 0x6e, 0x76, 0x31, 0x64, 0x5f, 0x32, 0x2f, 0x43, 0x6f, 0x6e, 0x76, 
  0x31, 0x44, 0x2f, 0x45, 0x78, 0x70, 0x61, 0x6e, 0x64, 0x44, 0x69, 0x6d, 
  0x73, 0x00, 0x00, 0x00, 0x04, 0x00, 0x00, 0x00, 0x01, 0x00, 0x00, 0x00, 
  0x01, 0x00, 0x00, 0x00, 0x3e, 0x00, 0x00, 0x00, 0x10, 0x00, 0x00, 0x00, 
  0x3a, 0xf5, 0xff, 0xff, 0x00, 0x00, 0x00, 0x01, 0x10, 0x00, 0x00, 0x00, 
  0x10, 0x00, 0x00, 0x00, 0x20, 0x00, 0x00, 0x00, 0x30, 0x00, 0x00, 0x00, 
  0x24, 0xf5, 0xff, 0xff, 0x22, 0x00, 0x00, 0x00, 0x73, 0x65, 0x71, 0x75, 
  0x65, 0x6e, 0x74, 0x69, 0x61, 0x6c, 0x2f, 0x6d, 0x61, 0x78, 0x5f, 0x70, 
  0x6f, 0x6f, 0x6c, 0x69, 0x6e, 0x67, 0x31, 0x64, 0x5f, 0x31, 0x2f, 0x4d, 
  0x61, 0x78, 0x50, 0x6f, 0x6f, 0x6c, 0x00, 0x00, 0x04, 0x00, 0x00, 0x00, 
  0x01, 0x00, 0x00, 0x00, 0x3e, 0x00, 0x00, 0x00, 0x01, 0x00, 0x00, 0x00, 
  0x10, 0x00, 0x00, 0x00, 0x92, 0xf5, 0xff, 0xff, 0x00, 0x00, 0x00, 0x01, 
  0x10, 0x00, 0x00, 0x00, 0x10, 0x00, 0x00, 0x00, 0x1f, 0x00, 0x00, 0x00, 
  0x34, 0x00, 0x00, 0x00, 0x7c, 0xf5, 0xff, 0xff, 0x25, 0x00, 0x00, 0x00, 
  0x73, 0x65, 0x71, 0x75, 0x65, 0x6e, 0x74, 0x69, 0x61, 0x6c, 0x2f, 0x6d, 
  0x61, 0x78, 0x5f, 0x70, 0x6f, 0x6f, 0x6c, 0x69, 0x6e, 0x67, 0x31, 0x64, 
  0x5f, 0x31, 0x2f, 0x45, 0x78, 0x70, 0x61, 0x6e, 0x64, 0x44, 0x69, 0x6d, 
  0x73, 0x00, 0x00, 0x00, 0x04, 0x00, 0x00, 0x00, 0x01, 0x00, 0x00, 0x00, 
  0x7d, 0x00, 0x00, 0x00, 0x01, 0x00, 0x00, 0x00, 0x10, 0x00, 0x00, 0x00, 
  0xee, 0xf5, 0xff, 0xff, 0x00, 0x00, 0x00, 0x01, 0x10, 0x00, 0x00, 0x00, 
  0x10, 0x00, 0x00, 0x00, 0x1e, 0x00, 0x00, 0x00, 0x24, 0x01, 0x00, 0x00, 
  0xd8, 0xf5, 0xff, 0xff, 0x15, 0x01, 0x00, 0x00, 0x73, 0x65, 0x71, 0x75, 
  0x65, 0x6e, 0x74, 0x69, 0x61, 0x6c, 0x2f, 0x72, 0x65, 0x5f, 0x6c, 0x75, 
  0x5f, 0x31, 0x2f, 0x52, 0x65, 0x6c, 0x75, 0x3b, 0x73, 0x65, 0x71, 0x75, 
  0x65, 0x6e, 0x74, 0x69, 0x61, 0x6c, 0x2f, 0x62, 0x61, 0x74, 0x63, 0x68, 
  0x5f, 0x6e, 0x6f, 0x72, 0x6d, 0x61, 0x6c, 0x69, 0x7a, 0x61, 0x74, 0x69, 
  0x6f, 0x6e, 0x5f, 0x31, 0x2f, 0x62, 0x61, 0x74, 0x63, 0x68, 0x6e, 0x6f, 
  0x72, 0x6d, 0x2f, 0x61, 0x64, 0x64, 0x5f, 0x31, 0x3b, 0x73, 0x65, 0x71, 
  0x75, 0x65, 0x6e, 0x74, 0x69, 0x61, 0x6c, 0x2f, 0x63, 0x6f, 0x6e, 0x76, 
  0x31, 0x64, 0x5f, 0x31, 0x2f, 0x43, 0x6f, 0x6e, 0x76, 0x31, 0x44, 0x2f, 
  0x53, 0x71, 0x75, 0x65, 0x65, 0x7a, 0x65, 0x3b, 0x73, 0x65, 0x71, 0x75, 
  0x65, 0x6e, 0x74, 0x69, 0x61, 0x6c, 0x2f, 0x62, 0x61, 0x74, 0x63, 0x68, 
  0x5f, 0x6e, 0x6f, 0x72, 0x6d, 0x61, 0x6c, 0x69, 0x7a, 0x61, 0x74, 0x69, 
  0x6f, 0x6e, 0x5f, 0x31, 0x2f, 0x62, 0x61, 0x74, 0x63, 0x68, 0x6e, 0x6f, 
  0x72, 0x6d, 0x2f, 0x6d, 0x75, 0x6c, 0x5f, 0x31, 0x3b, 0x73, 0x65, 0x71, 
  0x75, 0x65, 0x6e, 0x74, 0x69, 0x61, 0x6c, 0x2f, 0x62, 0x61, 0x74, 0x63, 
  0x68, 0x5f, 0x6e, 0x6f, 0x72, 0x6d, 0x61, 0x6c, 0x69, 0x7a, 0x61, 0x74, 
  0x69, 0x6f, 0x6e, 0x5f, 0x31, 0x2f, 0x62, 0x61, 0x74, 0x63, 0x68, 0x6e, 
  0x6f, 0x72, 0x6d, 0x2f, 0x6d, 0x75, 0x6c, 0x3b, 0x73, 0x65, 0x71, 0x75, 
  0x65, 0x6e, 0x74, 0x69, 0x61, 0x6c, 0x2f, 0x62, 0x61, 0x74, 0x63, 0x68, 
  0x5f, 0x6e, 0x6f, 0x72, 0x6d, 0x61, 0x6c, 0x69, 0x7a, 0x61, 0x74, 0x69, 
  0x6f, 0x6e, 0x5f, 0x31, 0x2f, 0x62, 0x61, 0x74, 0x63, 0x68, 0x6e, 0x6f, 
  0x72, 0x6d, 0x2f, 0x73, 0x75, 0x62, 0x3b, 0x73, 0x65, 0x71, 0x75, 0x65, 
  0x6e, 0x74, 0x69, 0x61, 0x6c, 0x2f, 0x63, 0x6f, 0x6e, 0x76, 0x31, 0x64, 
  0x5f, 0x31, 0x2f, 0x43, 0x6f, 0x6e, 0x76, 0x31, 0x44, 0x00, 0x00, 0x00, 
  0x04, 0x00, 0x00, 0x00, 0x01, 0x00, 0x00, 0x00, 0x01, 0x00, 0x00, 0x00, 
  0x7d, 0x00, 0x00, 0x00, 0x10, 0x00, 0x00, 0x00, 0x3a, 0xf7, 0xff, 0xff, 
  0x00, 0x00, 0x00, 0x01, 0x10, 0x00, 0x00, 0x00, 0x10, 0x00, 0x00, 0x00, 
  0x1d, 0x00, 0x00, 0x00, 0x34, 0x00, 0x00, 0x00, 0x24, 0xf7, 0xff, 0xff, 
  0x25, 0x00, 0x00, 0x00, 0x73, 0x65, 0x71, 0x75, 0x65, 0x6e, 0x74, 0x69, 
  0x61, 0x6c, 0x2f, 0x63, 0x6f, 0x6e, 0x76, 0x31, 0x64, 0x5f, 0x31, 0x2f, 
  0x43, 0x6f, 0x6e, 0x76, 0x31, 0x44, 0x2f, 0x45, 0x78, 0x70, 0x61, 0x6e, 
  0x64, 0x44, 0x69, 0x6d, 0x73, 0x00, 0x00, 0x00, 0x04, 0x00, 0x00, 0x00, 
  0x01, 0x00, 0x00, 0x00, 0x01, 0x00, 0x00, 0x00, 0x7d, 0x00, 0x00, 0x00, 
  0x08, 0x00, 0x00, 0x00, 0x96, 0xf7, 0xff, 0xff, 0x00, 0x00, 0x00, 0x01, 
  0x10, 0x00, 0x00, 0x00, 0x10, 0x00, 0x00, 0x00, 0x1c, 0x00, 0x00, 0x00, 
  0x30, 0x00, 0x00, 0x00, 0x80, 0xf7, 0xff, 0xff, 0x20, 0x00, 0x00, 0x00, 
  0x73, 0x65, 0x71, 0x75, 0x65, 0x6e, 0x74, 0x69, 0x61, 0x6c, 0x2f, 0x6d, 
  0x61, 0x78, 0x5f, 0x70, 0x6f, 0x6f, 0x6c, 0x69, 0x6e, 0x67, 0x31, 0x64, 
  0x2f, 0x4d, 0x61, 0x78, 0x50, 0x6f, 0x6f, 0x6c, 0x00, 0x00, 0x00, 0x00, 
  0x04, 0x00, 0x00, 0x00, 0x01, 0x00, 0x00, 0x00, 0x7d, 0x00, 0x00, 0x00, 
  0x01, 0x00, 0x00, 0x00, 0x08, 0x00, 0x00, 0x00, 0xee, 0xf7, 0xff, 0xff, 
  0x00, 0x00, 0x00, 0x01, 0x10, 0x00, 0x00, 0x00, 0x10, 0x00, 0x00, 0x00, 
  0x1b, 0x00, 0x00, 0x00, 0x30, 0x00, 0x00, 0x00, 0xd8, 0xf7, 0xff, 0xff, 
  0x23, 0x00, 0x00, 0x00, 0x73, 0x65, 0x71, 0x75, 0x65, 0x6e, 0x74, 0x69, 
  0x61, 0x6c, 0x2f, 0x6d, 0x61, 0x78, 0x5f, 0x70, 0x6f, 0x6f, 0x6c, 0x69, 
  0x6e, 0x67, 0x31, 0x64, 0x2f, 0x45, 0x78, 0x70, 0x61, 0x6e, 0x64, 0x44, 
  0x69, 0x6d, 0x73, 0x00, 0x04, 0x00, 0x00, 0x00, 0x01, 0x00, 0x00, 0x00, 
  0xfa, 0x00, 0x00, 0x00, 0x01, 0x00, 0x00, 0x00, 0x08, 0x00, 0x00, 0x00, 
  0x46, 0xf8, 0xff, 0xff, 0x00, 0x00, 0x00, 0x01, 0x10, 0x00, 0x00, 0x00, 
  0x10, 0x00, 0x00, 0x00, 0x1a, 0x00, 0x00, 0x00, 0x14, 0x01, 0x00, 0x00, 
  0x30, 0xf8, 0xff, 0xff, 0x07, 0x01, 0x00, 0x00, 0x73, 0x65, 0x71, 0x75, 
  0x65, 0x6e, 0x74, 0x69, 0x61, 0x6c, 0x2f, 0x72, 0x65, 0x5f, 0x6c, 0x75, 
  0x2f, 0x52, 0x65, 0x6c, 0x75, 0x3b, 0x73, 0x65, 0x71, 0x75, 0x65, 0x6e, 
  0x74, 0x69, 0x61, 0x6c, 0x2f, 0x62, 0x61, 0x74, 0x63, 0x68, 0x5f, 0x6e, 
  0x6f, 0x72, 0x6d, 0x61, 0x6c, 0x69, 0x7a, 0x61, 0x74, 0x69, 0x6f, 0x6e, 
  0x2f, 0x62, 0x61, 0x74, 0x63, 0x68, 0x6e, 0x6f, 0x72, 0x6d, 0x2f, 0x61, 
  0x64, 0x64, 0x5f, 0x31, 0x3b, 0x73, 0x65, 0x71, 0x75, 0x65, 0x6e, 0x74, 
  0x69, 0x61, 0x6c, 0x2f, 0x63, 0x6f, 0x6e, 0x76, 0x31, 0x64, 0x2f, 0x43, 
  0x6f, 0x6e, 0x76, 0x31, 0x44, 0x2f, 0x53, 0x71, 0x75, 0x65, 0x65, 0x7a, 
  0x65, 0x3b, 0x73, 0x65, 0x71, 0x75, 0x65, 0x6e, 0x74, 0x69, 0x61, 0x6c, 
  0x2f, 0x62, 0x61, 0x74, 0x63, 0x68, 0x5f, 0x6e, 0x6f, 0x72, 0x6d, 0x61, 
  0x6c, 0x69, 0x7a, 0x61, 0x74, 0x69, 0x6f, 0x6e, 0x2f, 0x62, 0x61, 0x74, 
  0x63, 0x68, 0x6e, 0x6f, 0x72, 0x6d, 0x2f, 0x6d, 0x75, 0x6c, 0x5f, 0x31, 
  0x3b, 0x73, 0x65, 0x71, 0x75, 0x65, 0x6e, 0x74, 0x69, 0x61, 0x6c, 0x2f, 
  0x62, 0x61, 0x74, 0x63, 0x68, 0x5f, 0x6e, 0x6f, 0x72, 0x6d, 0x61, 0x6c, 
  0x69, 0x7a, 0x61, 0x74, 0x69, 0x6f, 0x6e, 0x2f, 0x62, 0x61, 0x74, 0x63, 
  0x68, 0x6e, 0x6f, 0x72, 0x6d, 0x2f, 0x6d, 0x75, 0x6c, 0x3b, 0x73, 0x65, 
  0x71, 0x75, 0x65, 0x6e, 0x74, 0x69, 0x61, 0x6c, 0x2f, 0x62, 0x61, 0x74, 
  0x63, 0x68, 0x5f, 0x6e, 0x6f, 0x72, 0x6d, 0x61, 0x6c, 0x69, 0x7a, 0x61, 
  0x74, 0x69, 0x6f, 0x6e, 0x2f, 0x62, 0x61, 0x74, 0x63, 0x68, 0x6e, 0x6f, 
  0x72, 0x6d, 0x2f, 0x73, 0x75, 0x62, 0x3b, 0x73, 0x65, 0x71, 0x75, 0x65, 
  0x6e, 0x74, 0x69, 0x61, 0x6c, 0x2f, 0x63, 0x6f, 0x6e, 0x76, 0x31, 0x64, 
  0x2f, 0x43, 0x6f, 0x6e, 0x76, 0x31, 0x44, 0x00, 0x04, 0x00, 0x00, 0x00, 
  0x01, 0x00, 0x00, 0x00, 0x01, 0x00, 0x00, 0x00, 0xfa, 0x00, 0x00, 0x00, 
  0x08, 0x00, 0x00, 0x00, 0x82, 0xf9, 0xff, 0xff, 0x00, 0x00, 0x00, 0x01, 
  0x10, 0x00, 0x00, 0x00, 0x10, 0x00, 0x00, 0x00, 0x19, 0x00, 0x00, 0x00, 
  0x30, 0x00, 0x00, 0x00, 0x6c, 0xf9, 0xff, 0xff, 0x23, 0x00, 0x00, 0x00, 
  0x73, 0x65, 0x71, 0x75, 0x65, 0x6e, 0x74, 0x69, 0x61, 0x6c, 0x2f, 0x63, 
  0x6f, 0x6e, 0x76, 0x31, 0x64, 0x2f, 0x43, 0x6f, 0x6e, 0x76, 0x31, 0x44, 
  0x2f, 0x45, 0x78, 0x70, 0x61, 0x6e, 0x64, 0x44, 0x69, 0x6d, 0x73, 0x00, 
  0x04, 0x00, 0x00, 0x00, 0x01, 0x00, 0x00, 0x00, 0x01, 0x00, 0x00, 0x00, 
  0xfa, 0x00, 0x00, 0x00, 0x06, 0x00, 0x00, 0x00, 0xda, 0xf9, 0xff, 0xff, 
  0x00, 0x00, 0x00, 0x01, 0x10, 0x00, 0x00, 0x00, 0x10, 0x00, 0x00, 0x00, 
  0x18, 0x00, 0x00, 0x00, 0x50, 0x00, 0x00, 0x00, 0xc4, 0xf9, 0xff, 0xff, 
  0x41, 0x00, 0x00, 0x00, 0x73, 0x65, 0x71, 0x75, 0x65, 0x6e, 0x74, 0x69, 
  0x61, 0x6c, 0x2f, 0x6e, 0x6f, 0x72, 0x6d, 0x61, 0x6c, 0x69, 0x7a, 0x61, 
  0x74, 0x69, 0x6f, 0x6e, 0x2f, 0x74, 0x72, 0x75, 0x65, 0x64, 0x69, 0x76, 
  0x3b, 0x73, 0x65, 0x71, 0x75, 0x65, 0x6e, 0x74, 0x69, 0x61, 0x6c, 0x2f, 
  0x6e, 0x6f, 0x72, 0x6d, 0x61, 0x6c, 0x69, 0x7a, 0x61, 0x74, 0x69, 0x6f, 
  0x6e, 0x2f, 0x4d, 0x61, 0x78, 0x69, 0x6d, 0x75, 0x6d, 0x00, 0x00, 0x00, 
  0x03, 0x00, 0x00, 0x00, 0x01, 0x00, 0x00, 0x00, 0xfa, 0x00, 0x00, 0x00, 
  0x06, 0x00, 0x00, 0x00, 0x4e, 0xfa, 0xff, 0xff, 0x00, 0x00, 0x00, 0x01, 
  0x10, 0x00, 0x00, 0x00, 0x10, 0x00, 0x00, 0x00, 0x17, 0x00, 0x00, 0x00, 
  0x2c, 0x00, 0x00, 0x00, 0x38, 0xfa, 0xff, 0xff, 0x1c, 0x00, 0x00, 0x00, 
  0x73, 0x65, 0x71, 0x75, 0x65, 0x6e, 0x74, 0x69, 0x61, 0x6c, 0x2f, 0x6e, 
  0x6f, 0x72, 0x6d, 0x61, 0x6c, 0x69, 0x7a, 0x61, 0x74, 0x69, 0x6f, 0x6e, 
  0x2f, 0x73, 0x75, 0x62, 0x00, 0x00, 0x00, 0x00, 0x03, 0x00, 0x00, 0x00, 
  0x01, 0x00, 0x00, 0x00, 0xfa, 0x00, 0x00, 0x00, 0x06, 0x00, 0x00, 0x00, 
  0x9e, 0xfa, 0xff, 0xff, 0x00, 0x00, 0x00, 0x01, 0x10, 0x00, 0x00, 0x00, 
  0x10, 0x00, 0x00, 0x00, 0x16, 0x00, 0x00, 0x00, 0x28, 0x00, 0x00, 0x00, 
  0x88, 0xfa, 0xff, 0xff, 0x1a, 0x00, 0x00, 0x00, 0x73, 0x65, 0x71, 0x75, 
  0x65, 0x6e, 0x74, 0x69, 0x61, 0x6c, 0x2f, 0x72, 0x65, 0x73, 0x68, 0x61, 
  0x70, 0x65, 0x2f, 0x52, 0x65, 0x73, 0x68, 0x61, 0x70, 0x65, 0x00, 0x00, 
  0x03, 0x00, 0x00, 0x00, 0x01, 0x00, 0x00, 0x00, 0xfa, 0x00, 0x00, 0x00, 
  0x06, 0x00, 0x00, 0x00, 0xb2, 0xfc, 0xff, 0xff, 0x00, 0x00, 0x00, 0x01, 
  0x14, 0x00, 0x00, 0x00, 0x14, 0x00, 0x00, 0x00, 0x15, 0x00, 0x00, 0x00, 
  0x00, 0x00, 0x00, 0x02, 0x20, 0x00, 0x00, 0x00, 0xd8, 0xfa, 0xff, 0xff, 
  0x10, 0x00, 0x00, 0x00, 0x61, 0x72, 0x69, 0x74, 0x68, 0x2e, 0x63, 0x6f, 
  0x6e, 0x73, 0x74, 0x61, 0x6e, 0x74, 0x31, 0x37, 0x00, 0x00, 0x00, 0x00, 
  0x01, 0x00, 0x00, 0x00, 0x03, 0x00, 0x00, 0x00, 0xf2, 0xfc, 0xff, 0xff, 
  0x00, 0x00, 0x00, 0x01, 0x14, 0x00, 0x00, 0x00, 0x14, 0x00, 0x00, 0x00, 
  0x14, 0x00, 0x00, 0x00, 0x00, 0x00, 0x00, 0x02, 0x48, 0x00, 0x00, 0x00, 
  0x18, 0xfb, 0xff, 0xff, 0x3a, 0x00, 0x00, 0x00, 0x73, 0x65, 0x71, 0x75, 
  0x65, 0x6e, 0x74, 0x69, 0x61, 0x6c, 0x2f, 0x67, 0x6c, 0x6f, 0x62, 0x61, 
  0x6c, 0x5f, 0x61, 0x76, 0x65, 0x72, 0x61, 0x67, 0x65, 0x5f, 0x70, 0x6f, 
  0x6f, 0x6c, 0x69, 0x6e, 0x67, 0x31, 0x64, 0x2f, 0x4d, 0x65, 0x61, 0x6e, 
  0x2f, 0x72, 0x65, 0x64, 0x75, 0x63, 0x74, 0x69, 0x6f, 0x6e, 0x5f, 0x69, 
  0x6e, 0x64, 0x69, 0x63, 0x65, 0x73, 0x00, 0x00, 0x00, 0x00, 0x00, 0x00, 
  0x8e, 0xfb, 0xff, 0xff, 0x00, 0x00, 0x00, 0x01, 0x10, 0x00, 0x00, 0x00, 
  0x10, 0x00, 0x00, 0x00, 0x13, 0x00, 0x00, 0x00, 0x20, 0x00, 0x00, 0x00, 
  0x78, 0xfb, 0xff, 0xff, 0x10, 0x00, 0x00, 0x00, 0x61, 0x72, 0x69, 0x74, 
  0x68, 0x2e, 0x63, 0x6f, 0x6e, 0x73, 0x74, 0x61, 0x6e, 0x74, 0x31, 0x36, 
  0x00, 0x00, 0x00, 0x00, 0x01, 0x00, 0x00, 0x00, 0x10, 0x00, 0x00, 0x00, 
  0xca, 0xfb, 0xff, 0xff, 0x00, 0x00, 0x00, 0x01, 0x10, 0x00, 0x00, 0x00, 
  0x10, 0x00, 0x00, 0x00, 0x12, 0x00, 0x00, 0x00, 0x20, 0x00, 0x00, 0x00, 
  0xb4, 0xfb, 0xff, 0xff, 0x10, 0x00, 0x00, 0x00, 0x61, 0x72, 0x69, 0x74, 
  0x68, 0x2e, 0x63, 0x6f, 0x6e, 0x73, 0x74, 0x61, 0x6e, 0x74, 0x31, 0x35, 
  0x00, 0x00, 0x00, 0x00, 0x01, 0x00, 0x00, 0x00, 0x02, 0x00, 0x00, 0x00, 
  0x06, 0xfc, 0xff, 0xff, 0x00, 0x00, 0x00, 0x01, 0x10, 0x00, 0x00, 0x00, 
  0x10, 0x00, 0x00, 0x00, 0x11, 0x00, 0x00, 0x00, 0x14, 0x00, 0x00, 0x00, 
  0xf0, 0xfb, 0xff, 0xff, 0x07, 0x00, 0x00, 0x00, 0x43, 0x6f, 0x6e, 0x73, 
  0x74, 0x5f, 0x31, 0x00, 0x03, 0x00, 0x00, 0x00, 0x01, 0x00, 0x00, 0x00, 
  0x01, 0x00, 0x00, 0x00, 0x06, 0x00, 0x00, 0x00, 0x3e, 0xfc, 0xff, 0xff, 
  0x00, 0x00, 0x00, 0x01, 0x10, 0x00, 0x00, 0x00, 0x10, 0x00, 0x00, 0x00, 
  0x10, 0x00, 0x00, 0x00, 0x20, 0x00, 0x00, 0x00, 0x28, 0xfc, 0xff, 0xff, 
  0x10, 0x00, 0x00, 0x00, 0x61, 0x72, 0x69, 0x74, 0x68, 0x2e, 0x63, 0x6f, 
  0x6e, 0x73, 0x74, 0x61, 0x6e, 0x74, 0x31, 0x34, 0x00, 0x00, 0x00, 0x00, 
  0x03, 0x00, 0x00, 0x00, 0x01, 0x00, 0x00, 0x00, 0x01, 0x00, 0x00, 0x00, 
  0x06, 0x00, 0x00, 0x00, 0x82, 0xfc, 0xff, 0xff, 0x00, 0x00, 0x00, 0x01, 
  0x10, 0x00, 0x00, 0x00, 0x10, 0x00, 0x00, 0x00, 0x0f, 0x00, 0x00, 0x00, 
  0x20, 0x00, 0x00, 0x00, 0x6c, 0xfc, 0xff, 0xff, 0x10, 0x00, 0x00, 0x00, 
  0x61, 0x72, 0x69, 0x74, 0x68, 0x2e, 0x63, 0x6f, 0x6e, 0x73, 0x74, 0x61, 
  0x6e, 0x74, 0x31, 0x33, 0x00, 0x00, 0x00, 0x00, 0x02, 0x00, 0x00, 0x00, 
  0x10, 0x00, 0x00, 0x00, 0x20, 0x00, 0x00, 0x00, 0xc2, 0xfc, 0xff, 0xff, 
  0x00, 0x00, 0x00, 0x01, 0x10, 0x00, 0x00, 0x00, 0x10, 0x00, 0x00, 0x00, 
  0x0e, 0x00, 0x00, 0x00, 0x20, 0x00, 0x00, 0x00, 0xac, 0xfc, 0xff, 0xff, 
  0x10, 0x00, 0x00, 0x00, 0x61, 0x72, 0x69, 0x74, 0x68, 0x2e, 0x63, 0x6f, 
  0x6e, 0x73, 0x74, 0x61, 0x6e, 0x74, 0x31, 0x32, 0x00, 0x00, 0x00, 0x00, 
  0x02, 0x00, 0x00, 0x00, 0x02, 0x00, 0x00, 0x00, 0x10, 0x00, 0x00, 0x00, 
  0xca, 0xfe, 0xff, 0xff, 0x00, 0x00, 0x00, 0x01, 0x14, 0x00, 0x00, 0x00, 
  0x14, 0x00, 0x00, 0x00, 0x0d, 0x00, 0x00, 0x00, 0x00, 0x00, 0x00, 0x02, 
  0x20, 0x00, 0x00, 0x00, 0xf0, 0xfc, 0xff, 0xff, 0x10, 0x00, 0x00, 0x00, 
  0x61, 0x72, 0x69, 0x74, 0x68, 0x2e, 0x63, 0x6f, 0x6e, 0x73, 0x74, 0x61, 
  0x6e, 0x74, 0x31, 0x31, 0x00, 0x00, 0x00, 0x00, 0x01, 0x00, 0x00, 0x00, 
  0x04, 0x00, 0x00, 0x00, 0x0a, 0xff, 0xff, 0xff, 0x00, 0x00, 0x00, 0x01, 
  0x14, 0x00, 0x00, 0x00, 0x14, 0x00, 0x00, 0x00, 0x0c, 0x00, 0x00, 0x00, 
  0x00, 0x00, 0x00, 0x02, 0x20, 0x00, 0x00, 0x00, 0x30, 0xfd, 0xff, 0xff, 
  0x10, 0x00, 0x00, 0x00, 0x61, 0x72, 0x69, 0x74, 0x68, 0x2e, 0x63, 0x6f, 
  0x6e, 0x73, 0x74, 0x61, 0x6e, 0x74, 0x31, 0x30, 0x00, 0x00, 0x00, 0x00, 
  0x01, 0x00, 0x00, 0x00, 0x04, 0x00, 0x00, 0x00, 0x4a, 0xff, 0xff, 0xff, 
  0x00, 0x00, 0x00, 0x01, 0x14, 0x00, 0x00, 0x00, 0x14, 0x00, 0x00, 0x00, 
  0x0b, 0x00, 0x00, 0x00, 0x00, 0x00, 0x00, 0x02, 0x1c, 0x00, 0x00, 0x00, 
  0x70, 0xfd, 0xff, 0xff, 0x0f, 0x00, 0x00, 0x00, 0x61, 0x72, 0x69, 0x74, 
  0x68, 0x2e, 0x63, 0x6f, 0x6e, 0x73, 0x74, 0x61, 0x6e, 0x74, 0x39, 0x00, 
  0x01, 0x00, 0x00, 0x00, 0x04, 0x00, 0x00, 0x00, 0x86, 0xff, 0xff, 0xff, 
  0x00, 0x00, 0x00, 0x01, 0x14, 0x00, 0x00, 0x00, 0x14, 0x00, 0x00, 0x00, 
  0x0a, 0x00, 0x00, 0x00, 0x00, 0x00, 0x00, 0x02, 0x1c, 0x00, 0x00, 0x00, 
  0xac, 0xfd, 0xff, 0xff, 0x0f, 0x00, 0x00, 0x00, 0x61, 0x72, 0x69, 0x74, 
  0x68, 0x2e, 0x63, 0x6f, 0x6e, 0x73, 0x74, 0x61, 0x6e, 0x74, 0x38, 0x00, 
  0x01, 0x00, 0x00, 0x00, 0x04, 0x00, 0x00, 0x00, 0xc2, 0xff, 0xff, 0xff, 
  0x00, 0x00, 0x00, 0x01, 0x14, 0x00, 0x00, 0x00, 0x14, 0x00, 0x00, 0x00, 
  0x09, 0x00, 0x00, 0x00, 0x00, 0x00, 0x00, 0x02, 0x1c, 0x00, 0x00, 0x00, 
  0xe8, 0xfd, 0xff, 0xff, 0x0f, 0x00, 0x00, 0x00, 0x61, 0x72, 0x69, 0x74, 
  0x68, 0x2e, 0x63, 0x6f, 0x6e, 0x73, 0x74, 0x61, 0x6e, 0x74, 0x37, 0x00, 
  0x01, 0x00, 0x00, 0x00, 0x04, 0x00, 0x00, 0x00, 0x00, 0x00, 0x16, 0x00, 
  0x1c, 0x00, 0x18, 0x00, 0x17, 0x00, 0x10, 0x00, 0x0c, 0x00, 0x08, 0x00, 
  0x00, 0x00, 0x00, 0x00, 0x00, 0x00, 0x07, 0x00, 0x16, 0x00, 0x00, 0x00, 
  0x00, 0x00, 0x00, 0x01, 0x14, 0x00, 0x00, 0x00, 0x14, 0x00, 0x00, 0x00, 
  0x08, 0x00, 0x00, 0x00, 0x00, 0x00, 0x00, 0x02, 0x1c, 0x00, 0x00, 0x00, 
  0x3c, 0xfe, 0xff, 0xff, 0x0f, 0x00, 0x00, 0x00, 0x61, 0x72, 0x69, 0x74, 
  0x68, 0x2e, 0x63, 0x6f, 0x6e, 0x73, 0x74, 0x61, 0x6e, 0x74, 0x36, 0x00, 
  0x01, 0x00, 0x00, 0x00, 0x03, 0x00, 0x00, 0x00, 0x8a, 0xfe, 0xff, 0xff, 
  0x00, 0x00, 0x00, 0x01, 0x10, 0x00, 0x00, 0x00, 0x10, 0x00, 0x00, 0x00, 
  0x07, 0x00, 0x00, 0x00, 0x1c, 0x00, 0x00, 0x00, 0x74, 0xfe, 0xff, 0xff, 
  0x0f, 0x00, 0x00, 0x00, 0x61, 0x72, 0x69, 0x74, 0x68, 0x2e, 0x63, 0x6f, 
  0x6e, 0x73, 0x74, 0x61, 0x6e, 0x74, 0x35, 0x00, 0x04, 0x00, 0x00, 0x00, 
  0x08, 0x00, 0x00, 0x00, 0x01, 0x00, 0x00, 0x00, 0x05, 0x00, 0x00, 0x00, 
  0x06, 0x00, 0x00, 0x00, 0xce, 0xfe, 0xff, 0xff, 0x00, 0x00, 0x00, 0x01, 
  0x10, 0x00, 0x00, 0x00, 0x10, 0x00, 0x00, 0x00, 0x06, 0x00, 0x00, 0x00, 
  0x1c, 0x00, 0x00, 0x00, 0xb8, 0xfe, 0xff, 0xff, 0x0f, 0x00, 0x00, 0x00, 
  0x61, 0x72, 0x69, 0x74, 0x68, 0x2e, 0x63, 0x6f, 0x6e, 0x73, 0x74, 0x61, 
  0x6e, 0x74, 0x34, 0x00, 0x04, 0x00, 0x00, 0x00, 0x10, 0x00, 0x00, 0x00, 
  0x01, 0x00, 0x00, 0x00, 0x03, 0x00, 0x00, 0x00, 0x08, 0x00, 0x00, 0x00, 
  0x12, 0xff, 0xff, 0xff, 0x00, 0x00, 0x00, 0x01, 0x10, 0x00, 0x00, 0x00, 
  0x10, 0x00, 0x00, 0x00, 0x05, 0x00, 0x00, 0x00, 0x1c, 0x00, 0x00, 0x00, 
  0xfc, 0xfe, 0xff, 0xff, 0x0f, 0x00, 0x00, 0x00, 0x61, 0x72, 0x69, 0x74, 
  0x68, 0x2e, 0x63, 0x6f, 0x6e, 0x73, 0x74, 0x61, 0x6e, 0x74, 0x33, 0x00, 
  0x04, 0x00, 0x00, 0x00, 0x20, 0x00, 0x00, 0x00, 0x01, 0x00, 0x00, 0x00, 
  0x03, 0x00, 0x00, 0x00, 0x10, 0x00, 0x00, 0x00, 0x56, 0xff, 0xff, 0xff, 
  0x00, 0x00, 0x00, 0x01, 0x10, 0x00, 0x00, 0x00, 0x10, 0x00, 0x00, 0x00, 
  0x04, 0x00, 0x00, 0x00, 0x1c, 0x00, 0x00, 0x00, 0x40, 0xff, 0xff, 0xff, 
  0x0f, 0x00, 0x00, 0x00, 0x61, 0x72, 0x69, 0x74, 0x68, 0x2e, 0x63, 0x6f, 
  0x6e, 0x73, 0x74, 0x61, 0x6e, 0x74, 0x32, 0x00, 0x01, 0x00, 0x00, 0x00, 
  0x08, 0x00, 0x00, 0x00, 0x8e, 0xff, 0xff, 0xff, 0x00, 0x00, 0x00, 0x01, 
  0x10, 0x00, 0x00, 0x00, 0x10, 0x00, 0x00, 0x00, 0x03, 0x00, 0x00, 0x00, 
  0x1c, 0x00, 0x00, 0x00, 0x78, 0xff, 0xff, 0xff, 0x0f, 0x00, 0x00, 0x00, 
  0x61, 0x72, 0x69, 0x74, 0x68, 0x2e, 0x63, 0x6f, 0x6e, 0x73, 0x74, 0x61, 
  0x6e, 0x74, 0x31, 0x00, 0x01, 0x00, 0x00, 0x00, 0x10, 0x00, 0x00, 0x00, 
  0xc6, 0xff, 0xff, 0xff, 0x00, 0x00, 0x00, 0x01, 0x10, 0x00, 0x00, 0x00, 
  0x10, 0x00, 0x00, 0x00, 0x02, 0x00, 0x00, 0x00, 0x1c, 0x00, 0x00, 0x00, 
  0xb0, 0xff, 0xff, 0xff, 0x0e, 0x00, 0x00, 0x00, 0x61, 0x72, 0x69, 0x74, 
  0x68, 0x2e, 0x63, 0x6f, 0x6e, 0x73, 0x74, 0x61, 0x6e, 0x74, 0x00, 0x00, 
  0x01, 0x00, 0x00, 0x00, 0x20, 0x00, 0x00, 0x00, 0x00, 0x00, 0x16, 0x00, 
  0x18, 0x00, 0x14, 0x00, 0x00, 0x00, 0x10, 0x00, 0x0c, 0x00, 0x08, 0x00, 
  0x00, 0x00, 0x00, 0x00, 0x00, 0x00, 0x07, 0x00, 0x16, 0x00, 0x00, 0x00, 
  0x00, 0x00, 0x00, 0x01, 0x14, 0x00, 0x00, 0x00, 0x14, 0x00, 0x00, 0x00, 
  0x01, 0x00, 0x00, 0x00, 0x24, 0x00, 0x00, 0x00, 0x04, 0x00, 0x04, 0x00, 
  0x04, 0x00, 0x00, 0x00, 0x13, 0x00, 0x00, 0x00, 0x73, 0x65, 0x72, 0x76, 
  0x69, 0x6e, 0x67, 0x5f, 0x64, 0x65, 0x66, 0x61, 0x75, 0x6c, 0x74, 0x5f, 
  0x78, 0x3a, 0x30, 0x00, 0x02, 0x00, 0x00, 0x00, 0x01, 0x00, 0x00, 0x00, 
  0xdc, 0x05, 0x00, 0x00, 0x08, 0x00, 0x00, 0x00, 0x80, 0x00, 0x00, 0x00, 
  0x64, 0x00, 0x00, 0x00, 0x54, 0x00, 0x00, 0x00, 0x44, 0x00, 0x00, 0x00, 
  0x34, 0x00, 0x00, 0x00, 0x24, 0x00, 0x00, 0x00, 0x14, 0x00, 0x00, 0x00, 
  0x04, 0x00, 0x00, 0x00, 0xac, 0xff, 0xff, 0xff, 0x19, 0x00, 0x00, 0x00, 
  0x00, 0x00, 0x00, 0x19, 0xb8, 0xff, 0xff, 0xff, 0x09, 0x00, 0x00, 0x00, 
  0x00, 0x00, 0x00, 0x09, 0xc4, 0xff, 0xff, 0xff, 0x28, 0x00, 0x00, 0x00, 
  0x00, 0x00, 0x00, 0x28, 0xd0, 0xff, 0xff, 0xff, 0x11, 0x00, 0x00, 0x00, 
  0x00, 0x00, 0x00, 0x11, 0xdc, 0xff, 0xff, 0xff, 0x03, 0x00, 0x00, 0x00, 
  0x00, 0x00, 0x00, 0x03, 0xe8, 0xff, 0xff, 0xff, 0x12, 0x00, 0x00, 0x00, 
  0x00, 0x00, 0x00, 0x12, 0xf4, 0xff, 0xff, 0xff, 0x29, 0x00, 0x00, 0x00, 
  0x00, 0x00, 0x00, 0x29, 0x0c, 0x00, 0x0c, 0x00, 0x0b, 0x00, 0x00, 0x00, 
  0x00, 0x00, 0x04, 0x00, 0x0c, 0x00, 0x00, 0x00, 0x16, 0x00, 0x00, 0x00, 
  0x00, 0x00, 0x00, 0x16, 
};
extern const unsigned int g_fall_model_data_len = 17524;
